,buying,maint,doors,persons,lug_boot,safety,class
0,1,1,1,1,1,1,1
1,1,1,1,1,1,2,1
2,1,1,1,1,2,3,1
3,1,1,1,1,2,1,1
4,1,1,1,1,2,2,1
5,1,1,1,1,3,3,1
6,1,1,1,1,3,1,1
7,1,1,1,1,3,2,1
8,1,1,1,2,1,3,1
9,1,1,1,2,1,1,1
10,1,1,1,2,1,2,1
11,1,1,1,2,2,3,1
12,1,1,1,2,2,1,1
13,1,1,1,2,2,2,1
14,1,1,1,2,3,3,1
15,1,1,1,2,3,1,1
16,1,1,1,2,3,2,1
17,1,1,1,3,1,3,1
18,1,1,1,3,1,1,1
19,1,1,1,3,1,2,1
20,1,1,1,3,2,3,1
21,1,1,1,3,2,1,1
22,1,1,1,3,2,2,1
23,1,1,1,3,3,3,1
24,1,1,1,3,3,1,1
25,1,1,1,3,3,2,1
26,1,1,2,1,1,3,1
27,1,1,2,1,1,1,1
28,1,1,2,1,1,2,1
29,1,1,2,1,2,3,1
30,1,1,2,1,2,1,1
31,1,1,2,1,2,2,1
32,1,1,2,1,3,3,1
33,1,1,2,1,3,1,1
34,1,1,2,1,3,2,1
35,1,1,2,2,1,3,1
36,1,1,2,2,1,1,1
37,1,1,2,2,1,2,1
38,1,1,2,2,2,3,1
39,1,1,2,2,2,1,1
40,1,1,2,2,2,2,1
41,1,1,2,2,3,3,1
42,1,1,2,2,3,1,1
43,1,1,2,2,3,2,1
44,1,1,2,3,1,3,1
45,1,1,2,3,1,1,1
46,1,1,2,3,1,2,1
47,1,1,2,3,2,3,1
48,1,1,2,3,2,1,1
49,1,1,2,3,2,2,1
50,1,1,2,3,3,3,1
51,1,1,2,3,3,1,1
52,1,1,2,3,3,2,1
53,1,1,3,1,1,3,1
54,1,1,3,1,1,1,1
55,1,1,3,1,1,2,1
56,1,1,3,1,2,3,1
57,1,1,3,1,2,1,1
58,1,1,3,1,2,2,1
59,1,1,3,1,3,3,1
60,1,1,3,1,3,1,1
61,1,1,3,1,3,2,1
62,1,1,3,2,1,3,1
63,1,1,3,2,1,1,1
64,1,1,3,2,1,2,1
65,1,1,3,2,2,3,1
66,1,1,3,2,2,1,1
67,1,1,3,2,2,2,1
68,1,1,3,2,3,3,1
69,1,1,3,2,3,1,1
70,1,1,3,2,3,2,1
71,1,1,3,3,1,3,1
72,1,1,3,3,1,1,1
73,1,1,3,3,1,2,1
74,1,1,3,3,2,3,1
75,1,1,3,3,2,1,1
76,1,1,3,3,2,2,1
77,1,1,3,3,3,3,1
78,1,1,3,3,3,1,1
79,1,1,3,3,3,2,1
80,1,1,4,1,1,3,1
81,1,1,4,1,1,1,1
82,1,1,4,1,1,2,1
83,1,1,4,1,2,3,1
84,1,1,4,1,2,1,1
85,1,1,4,1,2,2,1
86,1,1,4,1,3,3,1
87,1,1,4,1,3,1,1
88,1,1,4,1,3,2,1
89,1,1,4,2,1,3,1
90,1,1,4,2,1,1,1
91,1,1,4,2,1,2,1
92,1,1,4,2,2,3,1
93,1,1,4,2,2,1,1
94,1,1,4,2,2,2,1
95,1,1,4,2,3,3,1
96,1,1,4,2,3,1,1
97,1,1,4,2,3,2,1
98,1,1,4,3,1,3,1
99,1,1,4,3,1,1,1
100,1,1,4,3,1,2,1
101,1,1,4,3,2,3,1
102,1,1,4,3,2,1,1
103,1,1,4,3,2,2,1
104,1,1,4,3,3,3,1
105,1,1,4,3,3,1,1
106,1,1,4,3,3,2,1
107,1,2,1,1,1,3,1
108,1,2,1,1,1,1,1
109,1,2,1,1,1,2,1
110,1,2,1,1,2,3,1
111,1,2,1,1,2,1,1
112,1,2,1,1,2,2,1
113,1,2,1,1,3,3,1
114,1,2,1,1,3,1,1
115,1,2,1,1,3,2,1
116,1,2,1,2,1,3,1
117,1,2,1,2,1,1,1
118,1,2,1,2,1,2,1
119,1,2,1,2,2,3,1
120,1,2,1,2,2,1,1
121,1,2,1,2,2,2,1
122,1,2,1,2,3,3,1
123,1,2,1,2,3,1,1
124,1,2,1,2,3,2,1
125,1,2,1,3,1,3,1
126,1,2,1,3,1,1,1
127,1,2,1,3,1,2,1
128,1,2,1,3,2,3,1
129,1,2,1,3,2,1,1
130,1,2,1,3,2,2,1
131,1,2,1,3,3,3,1
132,1,2,1,3,3,1,1
133,1,2,1,3,3,2,1
134,1,2,2,1,1,3,1
135,1,2,2,1,1,1,1
136,1,2,2,1,1,2,1
137,1,2,2,1,2,3,1
138,1,2,2,1,2,1,1
139,1,2,2,1,2,2,1
140,1,2,2,1,3,3,1
141,1,2,2,1,3,1,1
142,1,2,2,1,3,2,1
143,1,2,2,2,1,3,1
144,1,2,2,2,1,1,1
145,1,2,2,2,1,2,1
146,1,2,2,2,2,3,1
147,1,2,2,2,2,1,1
148,1,2,2,2,2,2,1
149,1,2,2,2,3,3,1
150,1,2,2,2,3,1,1
151,1,2,2,2,3,2,1
152,1,2,2,3,1,3,1
153,1,2,2,3,1,1,1
154,1,2,2,3,1,2,1
155,1,2,2,3,2,3,1
156,1,2,2,3,2,1,1
157,1,2,2,3,2,2,1
158,1,2,2,3,3,3,1
159,1,2,2,3,3,1,1
160,1,2,2,3,3,2,1
161,1,2,3,1,1,3,1
162,1,2,3,1,1,1,1
163,1,2,3,1,1,2,1
164,1,2,3,1,2,3,1
165,1,2,3,1,2,1,1
166,1,2,3,1,2,2,1
167,1,2,3,1,3,3,1
168,1,2,3,1,3,1,1
169,1,2,3,1,3,2,1
170,1,2,3,2,1,3,1
171,1,2,3,2,1,1,1
172,1,2,3,2,1,2,1
173,1,2,3,2,2,3,1
174,1,2,3,2,2,1,1
175,1,2,3,2,2,2,1
176,1,2,3,2,3,3,1
177,1,2,3,2,3,1,1
178,1,2,3,2,3,2,1
179,1,2,3,3,1,3,1
180,1,2,3,3,1,1,1
181,1,2,3,3,1,2,1
182,1,2,3,3,2,3,1
183,1,2,3,3,2,1,1
184,1,2,3,3,2,2,1
185,1,2,3,3,3,3,1
186,1,2,3,3,3,1,1
187,1,2,3,3,3,2,1
188,1,2,4,1,1,3,1
189,1,2,4,1,1,1,1
190,1,2,4,1,1,2,1
191,1,2,4,1,2,3,1
192,1,2,4,1,2,1,1
193,1,2,4,1,2,2,1
194,1,2,4,1,3,3,1
195,1,2,4,1,3,1,1
196,1,2,4,1,3,2,1
197,1,2,4,2,1,3,1
198,1,2,4,2,1,1,1
199,1,2,4,2,1,2,1
200,1,2,4,2,2,3,1
201,1,2,4,2,2,1,1
202,1,2,4,2,2,2,1
203,1,2,4,2,3,3,1
204,1,2,4,2,3,1,1
205,1,2,4,2,3,2,1
206,1,2,4,3,1,3,1
207,1,2,4,3,1,1,1
208,1,2,4,3,1,2,1
209,1,2,4,3,2,3,1
210,1,2,4,3,2,1,1
211,1,2,4,3,2,2,1
212,1,2,4,3,3,3,1
213,1,2,4,3,3,1,1
214,1,2,4,3,3,2,1
215,1,3,1,1,1,3,1
216,1,3,1,1,1,1,1
217,1,3,1,1,1,2,1
218,1,3,1,1,2,3,1
219,1,3,1,1,2,1,1
220,1,3,1,1,2,2,1
221,1,3,1,1,3,3,1
222,1,3,1,1,3,1,1
223,1,3,1,1,3,2,1
224,1,3,1,2,1,3,1
225,1,3,1,2,1,1,1
226,1,3,1,2,1,2,2
227,1,3,1,2,2,3,1
228,1,3,1,2,2,1,1
229,1,3,1,2,2,2,2
230,1,3,1,2,3,3,1
231,1,3,1,2,3,1,2
232,1,3,1,2,3,2,2
233,1,3,1,3,1,3,1
234,1,3,1,3,1,1,1
235,1,3,1,3,1,2,1
236,1,3,1,3,2,3,1
237,1,3,1,3,2,1,1
238,1,3,1,3,2,2,2
239,1,3,1,3,3,3,1
240,1,3,1,3,3,1,2
241,1,3,1,3,3,2,2
242,1,3,2,1,1,3,1
243,1,3,2,1,1,1,1
244,1,3,2,1,1,2,1
245,1,3,2,1,2,3,1
246,1,3,2,1,2,1,1
247,1,3,2,1,2,2,1
248,1,3,2,1,3,3,1
249,1,3,2,1,3,1,1
250,1,3,2,1,3,2,1
251,1,3,2,2,1,3,1
252,1,3,2,2,1,1,1
253,1,3,2,2,1,2,2
254,1,3,2,2,2,3,1
255,1,3,2,2,2,1,1
256,1,3,2,2,2,2,2
257,1,3,2,2,3,3,1
258,1,3,2,2,3,1,2
259,1,3,2,2,3,2,2
260,1,3,2,3,1,3,1
261,1,3,2,3,1,1,1
262,1,3,2,3,1,2,2
263,1,3,2,3,2,3,1
264,1,3,2,3,2,1,2
265,1,3,2,3,2,2,2
266,1,3,2,3,3,3,1
267,1,3,2,3,3,1,2
268,1,3,2,3,3,2,2
269,1,3,3,1,1,3,1
270,1,3,3,1,1,1,1
271,1,3,3,1,1,2,1
272,1,3,3,1,2,3,1
273,1,3,3,1,2,1,1
274,1,3,3,1,2,2,1
275,1,3,3,1,3,3,1
276,1,3,3,1,3,1,1
277,1,3,3,1,3,2,1
278,1,3,3,2,1,3,1
279,1,3,3,2,1,1,1
280,1,3,3,2,1,2,2
281,1,3,3,2,2,3,1
282,1,3,3,2,2,1,2
283,1,3,3,2,2,2,2
284,1,3,3,2,3,3,1
285,1,3,3,2,3,1,2
286,1,3,3,2,3,2,2
287,1,3,3,3,1,3,1
288,1,3,3,3,1,1,1
289,1,3,3,3,1,2,2
290,1,3,3,3,2,3,1
291,1,3,3,3,2,1,2
292,1,3,3,3,2,2,2
293,1,3,3,3,3,3,1
294,1,3,3,3,3,1,2
295,1,3,3,3,3,2,2
296,1,3,4,1,1,3,1
297,1,3,4,1,1,1,1
298,1,3,4,1,1,2,1
299,1,3,4,1,2,3,1
300,1,3,4,1,2,1,1
301,1,3,4,1,2,2,1
302,1,3,4,1,3,3,1
303,1,3,4,1,3,1,1
304,1,3,4,1,3,2,1
305,1,3,4,2,1,3,1
306,1,3,4,2,1,1,1
307,1,3,4,2,1,2,2
308,1,3,4,2,2,3,1
309,1,3,4,2,2,1,2
310,1,3,4,2,2,2,2
311,1,3,4,2,3,3,1
312,1,3,4,2,3,1,2
313,1,3,4,2,3,2,2
314,1,3,4,3,1,3,1
315,1,3,4,3,1,1,1
316,1,3,4,3,1,2,2
317,1,3,4,3,2,3,1
318,1,3,4,3,2,1,2
319,1,3,4,3,2,2,2
320,1,3,4,3,3,3,1
321,1,3,4,3,3,1,2
322,1,3,4,3,3,2,2
323,1,4,1,1,1,3,1
324,1,4,1,1,1,1,1
325,1,4,1,1,1,2,1
326,1,4,1,1,2,3,1
327,1,4,1,1,2,1,1
328,1,4,1,1,2,2,1
329,1,4,1,1,3,3,1
330,1,4,1,1,3,1,1
331,1,4,1,1,3,2,1
332,1,4,1,2,1,3,1
333,1,4,1,2,1,1,1
334,1,4,1,2,1,2,2
335,1,4,1,2,2,3,1
336,1,4,1,2,2,1,1
337,1,4,1,2,2,2,2
338,1,4,1,2,3,3,1
339,1,4,1,2,3,1,2
340,1,4,1,2,3,2,2
341,1,4,1,3,1,3,1
342,1,4,1,3,1,1,1
343,1,4,1,3,1,2,1
344,1,4,1,3,2,3,1
345,1,4,1,3,2,1,1
346,1,4,1,3,2,2,2
347,1,4,1,3,3,3,1
348,1,4,1,3,3,1,2
349,1,4,1,3,3,2,2
350,1,4,2,1,1,3,1
351,1,4,2,1,1,1,1
352,1,4,2,1,1,2,1
353,1,4,2,1,2,3,1
354,1,4,2,1,2,1,1
355,1,4,2,1,2,2,1
356,1,4,2,1,3,3,1
357,1,4,2,1,3,1,1
358,1,4,2,1,3,2,1
359,1,4,2,2,1,3,1
360,1,4,2,2,1,1,1
361,1,4,2,2,1,2,2
362,1,4,2,2,2,3,1
363,1,4,2,2,2,1,1
364,1,4,2,2,2,2,2
365,1,4,2,2,3,3,1
366,1,4,2,2,3,1,2
367,1,4,2,2,3,2,2
368,1,4,2,3,1,3,1
369,1,4,2,3,1,1,1
370,1,4,2,3,1,2,2
371,1,4,2,3,2,3,1
372,1,4,2,3,2,1,2
373,1,4,2,3,2,2,2
374,1,4,2,3,3,3,1
375,1,4,2,3,3,1,2
376,1,4,2,3,3,2,2
377,1,4,3,1,1,3,1
378,1,4,3,1,1,1,1
379,1,4,3,1,1,2,1
380,1,4,3,1,2,3,1
381,1,4,3,1,2,1,1
382,1,4,3,1,2,2,1
383,1,4,3,1,3,3,1
384,1,4,3,1,3,1,1
385,1,4,3,1,3,2,1
386,1,4,3,2,1,3,1
387,1,4,3,2,1,1,1
388,1,4,3,2,1,2,2
389,1,4,3,2,2,3,1
390,1,4,3,2,2,1,2
391,1,4,3,2,2,2,2
392,1,4,3,2,3,3,1
393,1,4,3,2,3,1,2
394,1,4,3,2,3,2,2
395,1,4,3,3,1,3,1
396,1,4,3,3,1,1,1
397,1,4,3,3,1,2,2
398,1,4,3,3,2,3,1
399,1,4,3,3,2,1,2
400,1,4,3,3,2,2,2
401,1,4,3,3,3,3,1
402,1,4,3,3,3,1,2
403,1,4,3,3,3,2,2
404,1,4,4,1,1,3,1
405,1,4,4,1,1,1,1
406,1,4,4,1,1,2,1
407,1,4,4,1,2,3,1
408,1,4,4,1,2,1,1
409,1,4,4,1,2,2,1
410,1,4,4,1,3,3,1
411,1,4,4,1,3,1,1
412,1,4,4,1,3,2,1
413,1,4,4,2,1,3,1
414,1,4,4,2,1,1,1
415,1,4,4,2,1,2,2
416,1,4,4,2,2,3,1
417,1,4,4,2,2,1,2
418,1,4,4,2,2,2,2
419,1,4,4,2,3,3,1
420,1,4,4,2,3,1,2
421,1,4,4,2,3,2,2
422,1,4,4,3,1,3,1
423,1,4,4,3,1,1,1
424,1,4,4,3,1,2,2
425,1,4,4,3,2,3,1
426,1,4,4,3,2,1,2
427,1,4,4,3,2,2,2
428,1,4,4,3,3,3,1
429,1,4,4,3,3,1,2
430,1,4,4,3,3,2,2
431,2,1,1,1,1,3,1
432,2,1,1,1,1,1,1
433,2,1,1,1,1,2,1
434,2,1,1,1,2,3,1
435,2,1,1,1,2,1,1
436,2,1,1,1,2,2,1
437,2,1,1,1,3,3,1
438,2,1,1,1,3,1,1
439,2,1,1,1,3,2,1
440,2,1,1,2,1,3,1
441,2,1,1,2,1,1,1
442,2,1,1,2,1,2,1
443,2,1,1,2,2,3,1
444,2,1,1,2,2,1,1
445,2,1,1,2,2,2,1
446,2,1,1,2,3,3,1
447,2,1,1,2,3,1,1
448,2,1,1,2,3,2,1
449,2,1,1,3,1,3,1
450,2,1,1,3,1,1,1
451,2,1,1,3,1,2,1
452,2,1,1,3,2,3,1
453,2,1,1,3,2,1,1
454,2,1,1,3,2,2,1
455,2,1,1,3,3,3,1
456,2,1,1,3,3,1,1
457,2,1,1,3,3,2,1
458,2,1,2,1,1,3,1
459,2,1,2,1,1,1,1
460,2,1,2,1,1,2,1
461,2,1,2,1,2,3,1
462,2,1,2,1,2,1,1
463,2,1,2,1,2,2,1
464,2,1,2,1,3,3,1
465,2,1,2,1,3,1,1
466,2,1,2,1,3,2,1
467,2,1,2,2,1,3,1
468,2,1,2,2,1,1,1
469,2,1,2,2,1,2,1
470,2,1,2,2,2,3,1
471,2,1,2,2,2,1,1
472,2,1,2,2,2,2,1
473,2,1,2,2,3,3,1
474,2,1,2,2,3,1,1
475,2,1,2,2,3,2,1
476,2,1,2,3,1,3,1
477,2,1,2,3,1,1,1
478,2,1,2,3,1,2,1
479,2,1,2,3,2,3,1
480,2,1,2,3,2,1,1
481,2,1,2,3,2,2,1
482,2,1,2,3,3,3,1
483,2,1,2,3,3,1,1
484,2,1,2,3,3,2,1
485,2,1,3,1,1,3,1
486,2,1,3,1,1,1,1
487,2,1,3,1,1,2,1
488,2,1,3,1,2,3,1
489,2,1,3,1,2,1,1
490,2,1,3,1,2,2,1
491,2,1,3,1,3,3,1
492,2,1,3,1,3,1,1
493,2,1,3,1,3,2,1
494,2,1,3,2,1,3,1
495,2,1,3,2,1,1,1
496,2,1,3,2,1,2,1
497,2,1,3,2,2,3,1
498,2,1,3,2,2,1,1
499,2,1,3,2,2,2,1
500,2,1,3,2,3,3,1
501,2,1,3,2,3,1,1
502,2,1,3,2,3,2,1
503,2,1,3,3,1,3,1
504,2,1,3,3,1,1,1
505,2,1,3,3,1,2,1
506,2,1,3,3,2,3,1
507,2,1,3,3,2,1,1
508,2,1,3,3,2,2,1
509,2,1,3,3,3,3,1
510,2,1,3,3,3,1,1
511,2,1,3,3,3,2,1
512,2,1,4,1,1,3,1
513,2,1,4,1,1,1,1
514,2,1,4,1,1,2,1
515,2,1,4,1,2,3,1
516,2,1,4,1,2,1,1
517,2,1,4,1,2,2,1
518,2,1,4,1,3,3,1
519,2,1,4,1,3,1,1
520,2,1,4,1,3,2,1
521,2,1,4,2,1,3,1
522,2,1,4,2,1,1,1
523,2,1,4,2,1,2,1
524,2,1,4,2,2,3,1
525,2,1,4,2,2,1,1
526,2,1,4,2,2,2,1
527,2,1,4,2,3,3,1
528,2,1,4,2,3,1,1
529,2,1,4,2,3,2,1
530,2,1,4,3,1,3,1
531,2,1,4,3,1,1,1
532,2,1,4,3,1,2,1
533,2,1,4,3,2,3,1
534,2,1,4,3,2,1,1
535,2,1,4,3,2,2,1
536,2,1,4,3,3,3,1
537,2,1,4,3,3,1,1
538,2,1,4,3,3,2,1
539,2,2,1,1,1,3,1
540,2,2,1,1,1,1,1
541,2,2,1,1,1,2,1
542,2,2,1,1,2,3,1
543,2,2,1,1,2,1,1
544,2,2,1,1,2,2,1
545,2,2,1,1,3,3,1
546,2,2,1,1,3,1,1
547,2,2,1,1,3,2,1
548,2,2,1,2,1,3,1
549,2,2,1,2,1,1,1
550,2,2,1,2,1,2,2
551,2,2,1,2,2,3,1
552,2,2,1,2,2,1,1
553,2,2,1,2,2,2,2
554,2,2,1,2,3,3,1
555,2,2,1,2,3,1,2
556,2,2,1,2,3,2,2
557,2,2,1,3,1,3,1
558,2,2,1,3,1,1,1
559,2,2,1,3,1,2,1
560,2,2,1,3,2,3,1
561,2,2,1,3,2,1,1
562,2,2,1,3,2,2,2
563,2,2,1,3,3,3,1
564,2,2,1,3,3,1,2
565,2,2,1,3,3,2,2
566,2,2,2,1,1,3,1
567,2,2,2,1,1,1,1
568,2,2,2,1,1,2,1
569,2,2,2,1,2,3,1
570,2,2,2,1,2,1,1
571,2,2,2,1,2,2,1
572,2,2,2,1,3,3,1
573,2,2,2,1,3,1,1
574,2,2,2,1,3,2,1
575,2,2,2,2,1,3,1
576,2,2,2,2,1,1,1
577,2,2,2,2,1,2,2
578,2,2,2,2,2,3,1
579,2,2,2,2,2,1,1
580,2,2,2,2,2,2,2
581,2,2,2,2,3,3,1
582,2,2,2,2,3,1,2
583,2,2,2,2,3,2,2
584,2,2,2,3,1,3,1
585,2,2,2,3,1,1,1
586,2,2,2,3,1,2,2
587,2,2,2,3,2,3,1
588,2,2,2,3,2,1,2
589,2,2,2,3,2,2,2
590,2,2,2,3,3,3,1
591,2,2,2,3,3,1,2
592,2,2,2,3,3,2,2
593,2,2,3,1,1,3,1
594,2,2,3,1,1,1,1
595,2,2,3,1,1,2,1
596,2,2,3,1,2,3,1
597,2,2,3,1,2,1,1
598,2,2,3,1,2,2,1
599,2,2,3,1,3,3,1
600,2,2,3,1,3,1,1
601,2,2,3,1,3,2,1
602,2,2,3,2,1,3,1
603,2,2,3,2,1,1,1
604,2,2,3,2,1,2,2
605,2,2,3,2,2,3,1
606,2,2,3,2,2,1,2
607,2,2,3,2,2,2,2
608,2,2,3,2,3,3,1
609,2,2,3,2,3,1,2
610,2,2,3,2,3,2,2
611,2,2,3,3,1,3,1
612,2,2,3,3,1,1,1
613,2,2,3,3,1,2,2
614,2,2,3,3,2,3,1
615,2,2,3,3,2,1,2
616,2,2,3,3,2,2,2
617,2,2,3,3,3,3,1
618,2,2,3,3,3,1,2
619,2,2,3,3,3,2,2
620,2,2,4,1,1,3,1
621,2,2,4,1,1,1,1
622,2,2,4,1,1,2,1
623,2,2,4,1,2,3,1
624,2,2,4,1,2,1,1
625,2,2,4,1,2,2,1
626,2,2,4,1,3,3,1
627,2,2,4,1,3,1,1
628,2,2,4,1,3,2,1
629,2,2,4,2,1,3,1
630,2,2,4,2,1,1,1
631,2,2,4,2,1,2,2
632,2,2,4,2,2,3,1
633,2,2,4,2,2,1,2
634,2,2,4,2,2,2,2
635,2,2,4,2,3,3,1
636,2,2,4,2,3,1,2
637,2,2,4,2,3,2,2
638,2,2,4,3,1,3,1
639,2,2,4,3,1,1,1
640,2,2,4,3,1,2,2
641,2,2,4,3,2,3,1
642,2,2,4,3,2,1,2
643,2,2,4,3,2,2,2
644,2,2,4,3,3,3,1
645,2,2,4,3,3,1,2
646,2,2,4,3,3,2,2
647,2,3,1,1,1,3,1
648,2,3,1,1,1,1,1
649,2,3,1,1,1,2,1
650,2,3,1,1,2,3,1
651,2,3,1,1,2,1,1
652,2,3,1,1,2,2,1
653,2,3,1,1,3,3,1
654,2,3,1,1,3,1,1
655,2,3,1,1,3,2,1
656,2,3,1,2,1,3,1
657,2,3,1,2,1,1,1
658,2,3,1,2,1,2,2
659,2,3,1,2,2,3,1
660,2,3,1,2,2,1,1
661,2,3,1,2,2,2,2
662,2,3,1,2,3,3,1
663,2,3,1,2,3,1,2
664,2,3,1,2,3,2,2
665,2,3,1,3,1,3,1
666,2,3,1,3,1,1,1
667,2,3,1,3,1,2,1
668,2,3,1,3,2,3,1
669,2,3,1,3,2,1,1
670,2,3,1,3,2,2,2
671,2,3,1,3,3,3,1
672,2,3,1,3,3,1,2
673,2,3,1,3,3,2,2
674,2,3,2,1,1,3,1
675,2,3,2,1,1,1,1
676,2,3,2,1,1,2,1
677,2,3,2,1,2,3,1
678,2,3,2,1,2,1,1
679,2,3,2,1,2,2,1
680,2,3,2,1,3,3,1
681,2,3,2,1,3,1,1
682,2,3,2,1,3,2,1
683,2,3,2,2,1,3,1
684,2,3,2,2,1,1,1
685,2,3,2,2,1,2,2
686,2,3,2,2,2,3,1
687,2,3,2,2,2,1,1
688,2,3,2,2,2,2,2
689,2,3,2,2,3,3,1
690,2,3,2,2,3,1,2
691,2,3,2,2,3,2,2
692,2,3,2,3,1,3,1
693,2,3,2,3,1,1,1
694,2,3,2,3,1,2,2
695,2,3,2,3,2,3,1
696,2,3,2,3,2,1,2
697,2,3,2,3,2,2,2
698,2,3,2,3,3,3,1
699,2,3,2,3,3,1,2
700,2,3,2,3,3,2,2
701,2,3,3,1,1,3,1
702,2,3,3,1,1,1,1
703,2,3,3,1,1,2,1
704,2,3,3,1,2,3,1
705,2,3,3,1,2,1,1
706,2,3,3,1,2,2,1
707,2,3,3,1,3,3,1
708,2,3,3,1,3,1,1
709,2,3,3,1,3,2,1
710,2,3,3,2,1,3,1
711,2,3,3,2,1,1,1
712,2,3,3,2,1,2,2
713,2,3,3,2,2,3,1
714,2,3,3,2,2,1,2
715,2,3,3,2,2,2,2
716,2,3,3,2,3,3,1
717,2,3,3,2,3,1,2
718,2,3,3,2,3,2,2
719,2,3,3,3,1,3,1
720,2,3,3,3,1,1,1
721,2,3,3,3,1,2,2
722,2,3,3,3,2,3,1
723,2,3,3,3,2,1,2
724,2,3,3,3,2,2,2
725,2,3,3,3,3,3,1
726,2,3,3,3,3,1,2
727,2,3,3,3,3,2,2
728,2,3,4,1,1,3,1
729,2,3,4,1,1,1,1
730,2,3,4,1,1,2,1
731,2,3,4,1,2,3,1
732,2,3,4,1,2,1,1
733,2,3,4,1,2,2,1
734,2,3,4,1,3,3,1
735,2,3,4,1,3,1,1
736,2,3,4,1,3,2,1
737,2,3,4,2,1,3,1
738,2,3,4,2,1,1,1
739,2,3,4,2,1,2,2
740,2,3,4,2,2,3,1
741,2,3,4,2,2,1,2
742,2,3,4,2,2,2,2
743,2,3,4,2,3,3,1
744,2,3,4,2,3,1,2
745,2,3,4,2,3,2,2
746,2,3,4,3,1,3,1
747,2,3,4,3,1,1,1
748,2,3,4,3,1,2,2
749,2,3,4,3,2,3,1
750,2,3,4,3,2,1,2
751,2,3,4,3,2,2,2
752,2,3,4,3,3,3,1
753,2,3,4,3,3,1,2
754,2,3,4,3,3,2,2
755,2,4,1,1,1,3,1
756,2,4,1,1,1,1,1
757,2,4,1,1,1,2,1
758,2,4,1,1,2,3,1
759,2,4,1,1,2,1,1
760,2,4,1,1,2,2,1
761,2,4,1,1,3,3,1
762,2,4,1,1,3,1,1
763,2,4,1,1,3,2,1
764,2,4,1,2,1,3,1
765,2,4,1,2,1,1,1
766,2,4,1,2,1,2,2
767,2,4,1,2,2,3,1
768,2,4,1,2,2,1,1
769,2,4,1,2,2,2,2
770,2,4,1,2,3,3,1
771,2,4,1,2,3,1,2
772,2,4,1,2,3,2,2
773,2,4,1,3,1,3,1
774,2,4,1,3,1,1,1
775,2,4,1,3,1,2,1
776,2,4,1,3,2,3,1
777,2,4,1,3,2,1,1
778,2,4,1,3,2,2,2
779,2,4,1,3,3,3,1
780,2,4,1,3,3,1,2
781,2,4,1,3,3,2,2
782,2,4,2,1,1,3,1
783,2,4,2,1,1,1,1
784,2,4,2,1,1,2,1
785,2,4,2,1,2,3,1
786,2,4,2,1,2,1,1
787,2,4,2,1,2,2,1
788,2,4,2,1,3,3,1
789,2,4,2,1,3,1,1
790,2,4,2,1,3,2,1
791,2,4,2,2,1,3,1
792,2,4,2,2,1,1,1
793,2,4,2,2,1,2,2
794,2,4,2,2,2,3,1
795,2,4,2,2,2,1,1
796,2,4,2,2,2,2,2
797,2,4,2,2,3,3,1
798,2,4,2,2,3,1,2
799,2,4,2,2,3,2,2
800,2,4,2,3,1,3,1
801,2,4,2,3,1,1,1
802,2,4,2,3,1,2,2
803,2,4,2,3,2,3,1
804,2,4,2,3,2,1,2
805,2,4,2,3,2,2,2
806,2,4,2,3,3,3,1
807,2,4,2,3,3,1,2
808,2,4,2,3,3,2,2
809,2,4,3,1,1,3,1
810,2,4,3,1,1,1,1
811,2,4,3,1,1,2,1
812,2,4,3,1,2,3,1
813,2,4,3,1,2,1,1
814,2,4,3,1,2,2,1
815,2,4,3,1,3,3,1
816,2,4,3,1,3,1,1
817,2,4,3,1,3,2,1
818,2,4,3,2,1,3,1
819,2,4,3,2,1,1,1
820,2,4,3,2,1,2,2
821,2,4,3,2,2,3,1
822,2,4,3,2,2,1,2
823,2,4,3,2,2,2,2
824,2,4,3,2,3,3,1
825,2,4,3,2,3,1,2
826,2,4,3,2,3,2,2
827,2,4,3,3,1,3,1
828,2,4,3,3,1,1,1
829,2,4,3,3,1,2,2
830,2,4,3,3,2,3,1
831,2,4,3,3,2,1,2
832,2,4,3,3,2,2,2
833,2,4,3,3,3,3,1
834,2,4,3,3,3,1,2
835,2,4,3,3,3,2,2
836,2,4,4,1,1,3,1
837,2,4,4,1,1,1,1
838,2,4,4,1,1,2,1
839,2,4,4,1,2,3,1
840,2,4,4,1,2,1,1
841,2,4,4,1,2,2,1
842,2,4,4,1,3,3,1
843,2,4,4,1,3,1,1
844,2,4,4,1,3,2,1
845,2,4,4,2,1,3,1
846,2,4,4,2,1,1,1
847,2,4,4,2,1,2,2
848,2,4,4,2,2,3,1
849,2,4,4,2,2,1,2
850,2,4,4,2,2,2,2
851,2,4,4,2,3,3,1
852,2,4,4,2,3,1,2
853,2,4,4,2,3,2,2
854,2,4,4,3,1,3,1
855,2,4,4,3,1,1,1
856,2,4,4,3,1,2,2
857,2,4,4,3,2,3,1
858,2,4,4,3,2,1,2
859,2,4,4,3,2,2,2
860,2,4,4,3,3,3,1
861,2,4,4,3,3,1,2
862,2,4,4,3,3,2,2
863,3,1,1,1,1,3,1
864,3,1,1,1,1,1,1
865,3,1,1,1,1,2,1
866,3,1,1,1,2,3,1
867,3,1,1,1,2,1,1
868,3,1,1,1,2,2,1
869,3,1,1,1,3,3,1
870,3,1,1,1,3,1,1
871,3,1,1,1,3,2,1
872,3,1,1,2,1,3,1
873,3,1,1,2,1,1,1
874,3,1,1,2,1,2,2
875,3,1,1,2,2,3,1
876,3,1,1,2,2,1,1
877,3,1,1,2,2,2,2
878,3,1,1,2,3,3,1
879,3,1,1,2,3,1,2
880,3,1,1,2,3,2,2
881,3,1,1,3,1,3,1
882,3,1,1,3,1,1,1
883,3,1,1,3,1,2,1
884,3,1,1,3,2,3,1
885,3,1,1,3,2,1,1
886,3,1,1,3,2,2,2
887,3,1,1,3,3,3,1
888,3,1,1,3,3,1,2
889,3,1,1,3,3,2,2
890,3,1,2,1,1,3,1
891,3,1,2,1,1,1,1
892,3,1,2,1,1,2,1
893,3,1,2,1,2,3,1
894,3,1,2,1,2,1,1
895,3,1,2,1,2,2,1
896,3,1,2,1,3,3,1
897,3,1,2,1,3,1,1
898,3,1,2,1,3,2,1
899,3,1,2,2,1,3,1
900,3,1,2,2,1,1,1
901,3,1,2,2,1,2,2
902,3,1,2,2,2,3,1
903,3,1,2,2,2,1,1
904,3,1,2,2,2,2,2
905,3,1,2,2,3,3,1
906,3,1,2,2,3,1,2
907,3,1,2,2,3,2,2
908,3,1,2,3,1,3,1
909,3,1,2,3,1,1,1
910,3,1,2,3,1,2,2
911,3,1,2,3,2,3,1
912,3,1,2,3,2,1,2
913,3,1,2,3,2,2,2
914,3,1,2,3,3,3,1
915,3,1,2,3,3,1,2
916,3,1,2,3,3,2,2
917,3,1,3,1,1,3,1
918,3,1,3,1,1,1,1
919,3,1,3,1,1,2,1
920,3,1,3,1,2,3,1
921,3,1,3,1,2,1,1
922,3,1,3,1,2,2,1
923,3,1,3,1,3,3,1
924,3,1,3,1,3,1,1
925,3,1,3,1,3,2,1
926,3,1,3,2,1,3,1
927,3,1,3,2,1,1,1
928,3,1,3,2,1,2,2
929,3,1,3,2,2,3,1
930,3,1,3,2,2,1,2
931,3,1,3,2,2,2,2
932,3,1,3,2,3,3,1
933,3,1,3,2,3,1,2
934,3,1,3,2,3,2,2
935,3,1,3,3,1,3,1
936,3,1,3,3,1,1,1
937,3,1,3,3,1,2,2
938,3,1,3,3,2,3,1
939,3,1,3,3,2,1,2
940,3,1,3,3,2,2,2
941,3,1,3,3,3,3,1
942,3,1,3,3,3,1,2
943,3,1,3,3,3,2,2
944,3,1,4,1,1,3,1
945,3,1,4,1,1,1,1
946,3,1,4,1,1,2,1
947,3,1,4,1,2,3,1
948,3,1,4,1,2,1,1
949,3,1,4,1,2,2,1
950,3,1,4,1,3,3,1
951,3,1,4,1,3,1,1
952,3,1,4,1,3,2,1
953,3,1,4,2,1,3,1
954,3,1,4,2,1,1,1
955,3,1,4,2,1,2,2
956,3,1,4,2,2,3,1
957,3,1,4,2,2,1,2
958,3,1,4,2,2,2,2
959,3,1,4,2,3,3,1
960,3,1,4,2,3,1,2
961,3,1,4,2,3,2,2
962,3,1,4,3,1,3,1
963,3,1,4,3,1,1,1
964,3,1,4,3,1,2,2
965,3,1,4,3,2,3,1
966,3,1,4,3,2,1,2
967,3,1,4,3,2,2,2
968,3,1,4,3,3,3,1
969,3,1,4,3,3,1,2
970,3,1,4,3,3,2,2
971,3,2,1,1,1,3,1
972,3,2,1,1,1,1,1
973,3,2,1,1,1,2,1
974,3,2,1,1,2,3,1
975,3,2,1,1,2,1,1
976,3,2,1,1,2,2,1
977,3,2,1,1,3,3,1
978,3,2,1,1,3,1,1
979,3,2,1,1,3,2,1
980,3,2,1,2,1,3,1
981,3,2,1,2,1,1,1
982,3,2,1,2,1,2,2
983,3,2,1,2,2,3,1
984,3,2,1,2,2,1,1
985,3,2,1,2,2,2,2
986,3,2,1,2,3,3,1
987,3,2,1,2,3,1,2
988,3,2,1,2,3,2,2
989,3,2,1,3,1,3,1
990,3,2,1,3,1,1,1
991,3,2,1,3,1,2,1
992,3,2,1,3,2,3,1
993,3,2,1,3,2,1,1
994,3,2,1,3,2,2,2
995,3,2,1,3,3,3,1
996,3,2,1,3,3,1,2
997,3,2,1,3,3,2,2
998,3,2,2,1,1,3,1
999,3,2,2,1,1,1,1
1000,3,2,2,1,1,2,1
1001,3,2,2,1,2,3,1
1002,3,2,2,1,2,1,1
1003,3,2,2,1,2,2,1
1004,3,2,2,1,3,3,1
1005,3,2,2,1,3,1,1
1006,3,2,2,1,3,2,1
1007,3,2,2,2,1,3,1
1008,3,2,2,2,1,1,1
1009,3,2,2,2,1,2,2
1010,3,2,2,2,2,3,1
1011,3,2,2,2,2,1,1
1012,3,2,2,2,2,2,2
1013,3,2,2,2,3,3,1
1014,3,2,2,2,3,1,2
1015,3,2,2,2,3,2,2
1016,3,2,2,3,1,3,1
1017,3,2,2,3,1,1,1
1018,3,2,2,3,1,2,2
1019,3,2,2,3,2,3,1
1020,3,2,2,3,2,1,2
1021,3,2,2,3,2,2,2
1022,3,2,2,3,3,3,1
1023,3,2,2,3,3,1,2
1024,3,2,2,3,3,2,2
1025,3,2,3,1,1,3,1
1026,3,2,3,1,1,1,1
1027,3,2,3,1,1,2,1
1028,3,2,3,1,2,3,1
1029,3,2,3,1,2,1,1
1030,3,2,3,1,2,2,1
1031,3,2,3,1,3,3,1
1032,3,2,3,1,3,1,1
1033,3,2,3,1,3,2,1
1034,3,2,3,2,1,3,1
1035,3,2,3,2,1,1,1
1036,3,2,3,2,1,2,2
1037,3,2,3,2,2,3,1
1038,3,2,3,2,2,1,2
1039,3,2,3,2,2,2,2
1040,3,2,3,2,3,3,1
1041,3,2,3,2,3,1,2
1042,3,2,3,2,3,2,2
1043,3,2,3,3,1,3,1
1044,3,2,3,3,1,1,1
1045,3,2,3,3,1,2,2
1046,3,2,3,3,2,3,1
1047,3,2,3,3,2,1,2
1048,3,2,3,3,2,2,2
1049,3,2,3,3,3,3,1
1050,3,2,3,3,3,1,2
1051,3,2,3,3,3,2,2
1052,3,2,4,1,1,3,1
1053,3,2,4,1,1,1,1
1054,3,2,4,1,1,2,1
1055,3,2,4,1,2,3,1
1056,3,2,4,1,2,1,1
1057,3,2,4,1,2,2,1
1058,3,2,4,1,3,3,1
1059,3,2,4,1,3,1,1
1060,3,2,4,1,3,2,1
1061,3,2,4,2,1,3,1
1062,3,2,4,2,1,1,1
1063,3,2,4,2,1,2,2
1064,3,2,4,2,2,3,1
1065,3,2,4,2,2,1,2
1066,3,2,4,2,2,2,2
1067,3,2,4,2,3,3,1
1068,3,2,4,2,3,1,2
1069,3,2,4,2,3,2,2
1070,3,2,4,3,1,3,1
1071,3,2,4,3,1,1,1
1072,3,2,4,3,1,2,2
1073,3,2,4,3,2,3,1
1074,3,2,4,3,2,1,2
1075,3,2,4,3,2,2,2
1076,3,2,4,3,3,3,1
1077,3,2,4,3,3,1,2
1078,3,2,4,3,3,2,2
1079,3,3,1,1,1,3,1
1080,3,3,1,1,1,1,1
1081,3,3,1,1,1,2,1
1082,3,3,1,1,2,3,1
1083,3,3,1,1,2,1,1
1084,3,3,1,1,2,2,1
1085,3,3,1,1,3,3,1
1086,3,3,1,1,3,1,1
1087,3,3,1,1,3,2,1
1088,3,3,1,2,1,3,1
1089,3,3,1,2,1,1,2
1090,3,3,1,2,1,2,2
1091,3,3,1,2,2,3,1
1092,3,3,1,2,2,1,2
1093,3,3,1,2,2,2,2
1094,3,3,1,2,3,3,1
1095,3,3,1,2,3,1,2
1096,3,3,1,2,3,2,3
1097,3,3,1,3,1,3,1
1098,3,3,1,3,1,1,1
1099,3,3,1,3,1,2,1
1100,3,3,1,3,2,3,1
1101,3,3,1,3,2,1,2
1102,3,3,1,3,2,2,2
1103,3,3,1,3,3,3,1
1104,3,3,1,3,3,1,2
1105,3,3,1,3,3,2,3
1106,3,3,2,1,1,3,1
1107,3,3,2,1,1,1,1
1108,3,3,2,1,1,2,1
1109,3,3,2,1,2,3,1
1110,3,3,2,1,2,1,1
1111,3,3,2,1,2,2,1
1112,3,3,2,1,3,3,1
1113,3,3,2,1,3,1,1
1114,3,3,2,1,3,2,1
1115,3,3,2,2,1,3,1
1116,3,3,2,2,1,1,2
1117,3,3,2,2,1,2,2
1118,3,3,2,2,2,3,1
1119,3,3,2,2,2,1,2
1120,3,3,2,2,2,2,2
1121,3,3,2,2,3,3,1
1122,3,3,2,2,3,1,2
1123,3,3,2,2,3,2,3
1124,3,3,2,3,1,3,1
1125,3,3,2,3,1,1,2
1126,3,3,2,3,1,2,2
1127,3,3,2,3,2,3,1
1128,3,3,2,3,2,1,2
1129,3,3,2,3,2,2,3
1130,3,3,2,3,3,3,1
1131,3,3,2,3,3,1,2
1132,3,3,2,3,3,2,3
1133,3,3,3,1,1,3,1
1134,3,3,3,1,1,1,1
1135,3,3,3,1,1,2,1
1136,3,3,3,1,2,3,1
1137,3,3,3,1,2,1,1
1138,3,3,3,1,2,2,1
1139,3,3,3,1,3,3,1
1140,3,3,3,1,3,1,1
1141,3,3,3,1,3,2,1
1142,3,3,3,2,1,3,1
1143,3,3,3,2,1,1,2
1144,3,3,3,2,1,2,2
1145,3,3,3,2,2,3,1
1146,3,3,3,2,2,1,2
1147,3,3,3,2,2,2,3
1148,3,3,3,2,3,3,1
1149,3,3,3,2,3,1,2
1150,3,3,3,2,3,2,3
1151,3,3,3,3,1,3,1
1152,3,3,3,3,1,1,2
1153,3,3,3,3,1,2,2
1154,3,3,3,3,2,3,1
1155,3,3,3,3,2,1,2
1156,3,3,3,3,2,2,3
1157,3,3,3,3,3,3,1
1158,3,3,3,3,3,1,2
1159,3,3,3,3,3,2,3
1160,3,3,4,1,1,3,1
1161,3,3,4,1,1,1,1
1162,3,3,4,1,1,2,1
1163,3,3,4,1,2,3,1
1164,3,3,4,1,2,1,1
1165,3,3,4,1,2,2,1
1166,3,3,4,1,3,3,1
1167,3,3,4,1,3,1,1
1168,3,3,4,1,3,2,1
1169,3,3,4,2,1,3,1
1170,3,3,4,2,1,1,2
1171,3,3,4,2,1,2,2
1172,3,3,4,2,2,3,1
1173,3,3,4,2,2,1,2
1174,3,3,4,2,2,2,3
1175,3,3,4,2,3,3,1
1176,3,3,4,2,3,1,2
1177,3,3,4,2,3,2,3
1178,3,3,4,3,1,3,1
1179,3,3,4,3,1,1,2
1180,3,3,4,3,1,2,2
1181,3,3,4,3,2,3,1
1182,3,3,4,3,2,1,2
1183,3,3,4,3,2,2,3
1184,3,3,4,3,3,3,1
1185,3,3,4,3,3,1,2
1186,3,3,4,3,3,2,3
1187,3,4,1,1,1,3,1
1188,3,4,1,1,1,1,1
1189,3,4,1,1,1,2,1
1190,3,4,1,1,2,3,1
1191,3,4,1,1,2,1,1
1192,3,4,1,1,2,2,1
1193,3,4,1,1,3,3,1
1194,3,4,1,1,3,1,1
1195,3,4,1,1,3,2,1
1196,3,4,1,2,1,3,1
1197,3,4,1,2,1,1,2
1198,3,4,1,2,1,2,4
1199,3,4,1,2,2,3,1
1200,3,4,1,2,2,1,2
1201,3,4,1,2,2,2,4
1202,3,4,1,2,3,3,1
1203,3,4,1,2,3,1,4
1204,3,4,1,2,3,2,3
1205,3,4,1,3,1,3,1
1206,3,4,1,3,1,1,1
1207,3,4,1,3,1,2,1
1208,3,4,1,3,2,3,1
1209,3,4,1,3,2,1,2
1210,3,4,1,3,2,2,4
1211,3,4,1,3,3,3,1
1212,3,4,1,3,3,1,4
1213,3,4,1,3,3,2,3
1214,3,4,2,1,1,3,1
1215,3,4,2,1,1,1,1
1216,3,4,2,1,1,2,1
1217,3,4,2,1,2,3,1
1218,3,4,2,1,2,1,1
1219,3,4,2,1,2,2,1
1220,3,4,2,1,3,3,1
1221,3,4,2,1,3,1,1
1222,3,4,2,1,3,2,1
1223,3,4,2,2,1,3,1
1224,3,4,2,2,1,1,2
1225,3,4,2,2,1,2,4
1226,3,4,2,2,2,3,1
1227,3,4,2,2,2,1,2
1228,3,4,2,2,2,2,4
1229,3,4,2,2,3,3,1
1230,3,4,2,2,3,1,4
1231,3,4,2,2,3,2,3
1232,3,4,2,3,1,3,1
1233,3,4,2,3,1,1,2
1234,3,4,2,3,1,2,4
1235,3,4,2,3,2,3,1
1236,3,4,2,3,2,1,4
1237,3,4,2,3,2,2,3
1238,3,4,2,3,3,3,1
1239,3,4,2,3,3,1,4
1240,3,4,2,3,3,2,3
1241,3,4,3,1,1,3,1
1242,3,4,3,1,1,1,1
1243,3,4,3,1,1,2,1
1244,3,4,3,1,2,3,1
1245,3,4,3,1,2,1,1
1246,3,4,3,1,2,2,1
1247,3,4,3,1,3,3,1
1248,3,4,3,1,3,1,1
1249,3,4,3,1,3,2,1
1250,3,4,3,2,1,3,1
1251,3,4,3,2,1,1,2
1252,3,4,3,2,1,2,4
1253,3,4,3,2,2,3,1
1254,3,4,3,2,2,1,4
1255,3,4,3,2,2,2,3
1256,3,4,3,2,3,3,1
1257,3,4,3,2,3,1,4
1258,3,4,3,2,3,2,3
1259,3,4,3,3,1,3,1
1260,3,4,3,3,1,1,2
1261,3,4,3,3,1,2,4
1262,3,4,3,3,2,3,1
1263,3,4,3,3,2,1,4
1264,3,4,3,3,2,2,3
1265,3,4,3,3,3,3,1
1266,3,4,3,3,3,1,4
1267,3,4,3,3,3,2,3
1268,3,4,4,1,1,3,1
1269,3,4,4,1,1,1,1
1270,3,4,4,1,1,2,1
1271,3,4,4,1,2,3,1
1272,3,4,4,1,2,1,1
1273,3,4,4,1,2,2,1
1274,3,4,4,1,3,3,1
1275,3,4,4,1,3,1,1
1276,3,4,4,1,3,2,1
1277,3,4,4,2,1,3,1
1278,3,4,4,2,1,1,2
1279,3,4,4,2,1,2,4
1280,3,4,4,2,2,3,1
1281,3,4,4,2,2,1,4
1282,3,4,4,2,2,2,3
1283,3,4,4,2,3,3,1
1284,3,4,4,2,3,1,4
1285,3,4,4,2,3,2,3
1286,3,4,4,3,1,3,1
1287,3,4,4,3,1,1,2
1288,3,4,4,3,1,2,4
1289,3,4,4,3,2,3,1
1290,3,4,4,3,2,1,4
1291,3,4,4,3,2,2,3
1292,3,4,4,3,3,3,1
1293,3,4,4,3,3,1,4
1294,3,4,4,3,3,2,3
1295,4,1,1,1,1,3,1
1296,4,1,1,1,1,1,1
1297,4,1,1,1,1,2,1
1298,4,1,1,1,2,3,1
1299,4,1,1,1,2,1,1
1300,4,1,1,1,2,2,1
1301,4,1,1,1,3,3,1
1302,4,1,1,1,3,1,1
1303,4,1,1,1,3,2,1
1304,4,1,1,2,1,3,1
1305,4,1,1,2,1,1,1
1306,4,1,1,2,1,2,2
1307,4,1,1,2,2,3,1
1308,4,1,1,2,2,1,1
1309,4,1,1,2,2,2,2
1310,4,1,1,2,3,3,1
1311,4,1,1,2,3,1,2
1312,4,1,1,2,3,2,2
1313,4,1,1,3,1,3,1
1314,4,1,1,3,1,1,1
1315,4,1,1,3,1,2,1
1316,4,1,1,3,2,3,1
1317,4,1,1,3,2,1,1
1318,4,1,1,3,2,2,2
1319,4,1,1,3,3,3,1
1320,4,1,1,3,3,1,2
1321,4,1,1,3,3,2,2
1322,4,1,2,1,1,3,1
1323,4,1,2,1,1,1,1
1324,4,1,2,1,1,2,1
1325,4,1,2,1,2,3,1
1326,4,1,2,1,2,1,1
1327,4,1,2,1,2,2,1
1328,4,1,2,1,3,3,1
1329,4,1,2,1,3,1,1
1330,4,1,2,1,3,2,1
1331,4,1,2,2,1,3,1
1332,4,1,2,2,1,1,1
1333,4,1,2,2,1,2,2
1334,4,1,2,2,2,3,1
1335,4,1,2,2,2,1,1
1336,4,1,2,2,2,2,2
1337,4,1,2,2,3,3,1
1338,4,1,2,2,3,1,2
1339,4,1,2,2,3,2,2
1340,4,1,2,3,1,3,1
1341,4,1,2,3,1,1,1
1342,4,1,2,3,1,2,2
1343,4,1,2,3,2,3,1
1344,4,1,2,3,2,1,2
1345,4,1,2,3,2,2,2
1346,4,1,2,3,3,3,1
1347,4,1,2,3,3,1,2
1348,4,1,2,3,3,2,2
1349,4,1,3,1,1,3,1
1350,4,1,3,1,1,1,1
1351,4,1,3,1,1,2,1
1352,4,1,3,1,2,3,1
1353,4,1,3,1,2,1,1
1354,4,1,3,1,2,2,1
1355,4,1,3,1,3,3,1
1356,4,1,3,1,3,1,1
1357,4,1,3,1,3,2,1
1358,4,1,3,2,1,3,1
1359,4,1,3,2,1,1,1
1360,4,1,3,2,1,2,2
1361,4,1,3,2,2,3,1
1362,4,1,3,2,2,1,2
1363,4,1,3,2,2,2,2
1364,4,1,3,2,3,3,1
1365,4,1,3,2,3,1,2
1366,4,1,3,2,3,2,2
1367,4,1,3,3,1,3,1
1368,4,1,3,3,1,1,1
1369,4,1,3,3,1,2,2
1370,4,1,3,3,2,3,1
1371,4,1,3,3,2,1,2
1372,4,1,3,3,2,2,2
1373,4,1,3,3,3,3,1
1374,4,1,3,3,3,1,2
1375,4,1,3,3,3,2,2
1376,4,1,4,1,1,3,1
1377,4,1,4,1,1,1,1
1378,4,1,4,1,1,2,1
1379,4,1,4,1,2,3,1
1380,4,1,4,1,2,1,1
1381,4,1,4,1,2,2,1
1382,4,1,4,1,3,3,1
1383,4,1,4,1,3,1,1
1384,4,1,4,1,3,2,1
1385,4,1,4,2,1,3,1
1386,4,1,4,2,1,1,1
1387,4,1,4,2,1,2,2
1388,4,1,4,2,2,3,1
1389,4,1,4,2,2,1,2
1390,4,1,4,2,2,2,2
1391,4,1,4,2,3,3,1
1392,4,1,4,2,3,1,2
1393,4,1,4,2,3,2,2
1394,4,1,4,3,1,3,1
1395,4,1,4,3,1,1,1
1396,4,1,4,3,1,2,2
1397,4,1,4,3,2,3,1
1398,4,1,4,3,2,1,2
1399,4,1,4,3,2,2,2
1400,4,1,4,3,3,3,1
1401,4,1,4,3,3,1,2
1402,4,1,4,3,3,2,2
1403,4,2,1,1,1,3,1
1404,4,2,1,1,1,1,1
1405,4,2,1,1,1,2,1
1406,4,2,1,1,2,3,1
1407,4,2,1,1,2,1,1
1408,4,2,1,1,2,2,1
1409,4,2,1,1,3,3,1
1410,4,2,1,1,3,1,1
1411,4,2,1,1,3,2,1
1412,4,2,1,2,1,3,1
1413,4,2,1,2,1,1,2
1414,4,2,1,2,1,2,2
1415,4,2,1,2,2,3,1
1416,4,2,1,2,2,1,2
1417,4,2,1,2,2,2,2
1418,4,2,1,2,3,3,1
1419,4,2,1,2,3,1,2
1420,4,2,1,2,3,2,3
1421,4,2,1,3,1,3,1
1422,4,2,1,3,1,1,1
1423,4,2,1,3,1,2,1
1424,4,2,1,3,2,3,1
1425,4,2,1,3,2,1,2
1426,4,2,1,3,2,2,2
1427,4,2,1,3,3,3,1
1428,4,2,1,3,3,1,2
1429,4,2,1,3,3,2,3
1430,4,2,2,1,1,3,1
1431,4,2,2,1,1,1,1
1432,4,2,2,1,1,2,1
1433,4,2,2,1,2,3,1
1434,4,2,2,1,2,1,1
1435,4,2,2,1,2,2,1
1436,4,2,2,1,3,3,1
1437,4,2,2,1,3,1,1
1438,4,2,2,1,3,2,1
1439,4,2,2,2,1,3,1
1440,4,2,2,2,1,1,2
1441,4,2,2,2,1,2,2
1442,4,2,2,2,2,3,1
1443,4,2,2,2,2,1,2
1444,4,2,2,2,2,2,2
1445,4,2,2,2,3,3,1
1446,4,2,2,2,3,1,2
1447,4,2,2,2,3,2,3
1448,4,2,2,3,1,3,1
1449,4,2,2,3,1,1,2
1450,4,2,2,3,1,2,2
1451,4,2,2,3,2,3,1
1452,4,2,2,3,2,1,2
1453,4,2,2,3,2,2,3
1454,4,2,2,3,3,3,1
1455,4,2,2,3,3,1,2
1456,4,2,2,3,3,2,3
1457,4,2,3,1,1,3,1
1458,4,2,3,1,1,1,1
1459,4,2,3,1,1,2,1
1460,4,2,3,1,2,3,1
1461,4,2,3,1,2,1,1
1462,4,2,3,1,2,2,1
1463,4,2,3,1,3,3,1
1464,4,2,3,1,3,1,1
1465,4,2,3,1,3,2,1
1466,4,2,3,2,1,3,1
1467,4,2,3,2,1,1,2
1468,4,2,3,2,1,2,2
1469,4,2,3,2,2,3,1
1470,4,2,3,2,2,1,2
1471,4,2,3,2,2,2,3
1472,4,2,3,2,3,3,1
1473,4,2,3,2,3,1,2
1474,4,2,3,2,3,2,3
1475,4,2,3,3,1,3,1
1476,4,2,3,3,1,1,2
1477,4,2,3,3,1,2,2
1478,4,2,3,3,2,3,1
1479,4,2,3,3,2,1,2
1480,4,2,3,3,2,2,3
1481,4,2,3,3,3,3,1
1482,4,2,3,3,3,1,2
1483,4,2,3,3,3,2,3
1484,4,2,4,1,1,3,1
1485,4,2,4,1,1,1,1
1486,4,2,4,1,1,2,1
1487,4,2,4,1,2,3,1
1488,4,2,4,1,2,1,1
1489,4,2,4,1,2,2,1
1490,4,2,4,1,3,3,1
1491,4,2,4,1,3,1,1
1492,4,2,4,1,3,2,1
1493,4,2,4,2,1,3,1
1494,4,2,4,2,1,1,2
1495,4,2,4,2,1,2,2
1496,4,2,4,2,2,3,1
1497,4,2,4,2,2,1,2
1498,4,2,4,2,2,2,3
1499,4,2,4,2,3,3,1
1500,4,2,4,2,3,1,2
1501,4,2,4,2,3,2,3
1502,4,2,4,3,1,3,1
1503,4,2,4,3,1,1,2
1504,4,2,4,3,1,2,2
1505,4,2,4,3,2,3,1
1506,4,2,4,3,2,1,2
1507,4,2,4,3,2,2,3
1508,4,2,4,3,3,3,1
1509,4,2,4,3,3,1,2
1510,4,2,4,3,3,2,3
1511,4,3,1,1,1,3,1
1512,4,3,1,1,1,1,1
1513,4,3,1,1,1,2,1
1514,4,3,1,1,2,3,1
1515,4,3,1,1,2,1,1
1516,4,3,1,1,2,2,1
1517,4,3,1,1,3,3,1
1518,4,3,1,1,3,1,1
1519,4,3,1,1,3,2,1
1520,4,3,1,2,1,3,1
1521,4,3,1,2,1,1,2
1522,4,3,1,2,1,2,4
1523,4,3,1,2,2,3,1
1524,4,3,1,2,2,1,2
1525,4,3,1,2,2,2,4
1526,4,3,1,2,3,3,1
1527,4,3,1,2,3,1,4
1528,4,3,1,2,3,2,3
1529,4,3,1,3,1,3,1
1530,4,3,1,3,1,1,1
1531,4,3,1,3,1,2,1
1532,4,3,1,3,2,3,1
1533,4,3,1,3,2,1,2
1534,4,3,1,3,2,2,4
1535,4,3,1,3,3,3,1
1536,4,3,1,3,3,1,4
1537,4,3,1,3,3,2,3
1538,4,3,2,1,1,3,1
1539,4,3,2,1,1,1,1
1540,4,3,2,1,1,2,1
1541,4,3,2,1,2,3,1
1542,4,3,2,1,2,1,1
1543,4,3,2,1,2,2,1
1544,4,3,2,1,3,3,1
1545,4,3,2,1,3,1,1
1546,4,3,2,1,3,2,1
1547,4,3,2,2,1,3,1
1548,4,3,2,2,1,1,2
1549,4,3,2,2,1,2,4
1550,4,3,2,2,2,3,1
1551,4,3,2,2,2,1,2
1552,4,3,2,2,2,2,4
1553,4,3,2,2,3,3,1
1554,4,3,2,2,3,1,4
1555,4,3,2,2,3,2,3
1556,4,3,2,3,1,3,1
1557,4,3,2,3,1,1,2
1558,4,3,2,3,1,2,4
1559,4,3,2,3,2,3,1
1560,4,3,2,3,2,1,4
1561,4,3,2,3,2,2,3
1562,4,3,2,3,3,3,1
1563,4,3,2,3,3,1,4
1564,4,3,2,3,3,2,3
1565,4,3,3,1,1,3,1
1566,4,3,3,1,1,1,1
1567,4,3,3,1,1,2,1
1568,4,3,3,1,2,3,1
1569,4,3,3,1,2,1,1
1570,4,3,3,1,2,2,1
1571,4,3,3,1,3,3,1
1572,4,3,3,1,3,1,1
1573,4,3,3,1,3,2,1
1574,4,3,3,2,1,3,1
1575,4,3,3,2,1,1,2
1576,4,3,3,2,1,2,4
1577,4,3,3,2,2,3,1
1578,4,3,3,2,2,1,4
1579,4,3,3,2,2,2,3
1580,4,3,3,2,3,3,1
1581,4,3,3,2,3,1,4
1582,4,3,3,2,3,2,3
1583,4,3,3,3,1,3,1
1584,4,3,3,3,1,1,2
1585,4,3,3,3,1,2,4
1586,4,3,3,3,2,3,1
1587,4,3,3,3,2,1,4
1588,4,3,3,3,2,2,3
1589,4,3,3,3,3,3,1
1590,4,3,3,3,3,1,4
1591,4,3,3,3,3,2,3
1592,4,3,4,1,1,3,1
1593,4,3,4,1,1,1,1
1594,4,3,4,1,1,2,1
1595,4,3,4,1,2,3,1
1596,4,3,4,1,2,1,1
1597,4,3,4,1,2,2,1
1598,4,3,4,1,3,3,1
1599,4,3,4,1,3,1,1
1600,4,3,4,1,3,2,1
1601,4,3,4,2,1,3,1
1602,4,3,4,2,1,1,2
1603,4,3,4,2,1,2,4
1604,4,3,4,2,2,3,1
1605,4,3,4,2,2,1,4
1606,4,3,4,2,2,2,3
1607,4,3,4,2,3,3,1
1608,4,3,4,2,3,1,4
1609,4,3,4,2,3,2,3
1610,4,3,4,3,1,3,1
1611,4,3,4,3,1,1,2
1612,4,3,4,3,1,2,4
1613,4,3,4,3,2,3,1
1614,4,3,4,3,2,1,4
1615,4,3,4,3,2,2,3
1616,4,3,4,3,3,3,1
1617,4,3,4,3,3,1,4
1618,4,3,4,3,3,2,3
1619,4,4,1,1,1,3,1
1620,4,4,1,1,1,1,1
1621,4,4,1,1,1,2,1
1622,4,4,1,1,2,3,1
1623,4,4,1,1,2,1,1
1624,4,4,1,1,2,2,1
1625,4,4,1,1,3,3,1
1626,4,4,1,1,3,1,1
1627,4,4,1,1,3,2,1
1628,4,4,1,2,1,3,1
1629,4,4,1,2,1,1,2
1630,4,4,1,2,1,2,4
1631,4,4,1,2,2,3,1
1632,4,4,1,2,2,1,2
1633,4,4,1,2,2,2,4
1634,4,4,1,2,3,3,1
1635,4,4,1,2,3,1,4
1636,4,4,1,2,3,2,3
1637,4,4,1,3,1,3,1
1638,4,4,1,3,1,1,1
1639,4,4,1,3,1,2,1
1640,4,4,1,3,2,3,1
1641,4,4,1,3,2,1,2
1642,4,4,1,3,2,2,4
1643,4,4,1,3,3,3,1
1644,4,4,1,3,3,1,4
1645,4,4,1,3,3,2,3
1646,4,4,2,1,1,3,1
1647,4,4,2,1,1,1,1
1648,4,4,2,1,1,2,1
1649,4,4,2,1,2,3,1
1650,4,4,2,1,2,1,1
1651,4,4,2,1,2,2,1
1652,4,4,2,1,3,3,1
1653,4,4,2,1,3,1,1
1654,4,4,2,1,3,2,1
1655,4,4,2,2,1,3,1
1656,4,4,2,2,1,1,2
1657,4,4,2,2,1,2,4
1658,4,4,2,2,2,3,1
1659,4,4,2,2,2,1,2
1660,4,4,2,2,2,2,4
1661,4,4,2,2,3,3,1
1662,4,4,2,2,3,1,4
1663,4,4,2,2,3,2,3
1664,4,4,2,3,1,3,1
1665,4,4,2,3,1,1,2
1666,4,4,2,3,1,2,4
1667,4,4,2,3,2,3,1
1668,4,4,2,3,2,1,4
1669,4,4,2,3,2,2,3
1670,4,4,2,3,3,3,1
1671,4,4,2,3,3,1,4
1672,4,4,2,3,3,2,3
1673,4,4,3,1,1,3,1
1674,4,4,3,1,1,1,1
1675,4,4,3,1,1,2,1
1676,4,4,3,1,2,3,1
1677,4,4,3,1,2,1,1
1678,4,4,3,1,2,2,1
1679,4,4,3,1,3,3,1
1680,4,4,3,1,3,1,1
1681,4,4,3,1,3,2,1
1682,4,4,3,2,1,3,1
1683,4,4,3,2,1,1,2
1684,4,4,3,2,1,2,4
1685,4,4,3,2,2,3,1
1686,4,4,3,2,2,1,4
1687,4,4,3,2,2,2,3
1688,4,4,3,2,3,3,1
1689,4,4,3,2,3,1,4
1690,4,4,3,2,3,2,3
1691,4,4,3,3,1,3,1
1692,4,4,3,3,1,1,2
1693,4,4,3,3,1,2,4
1694,4,4,3,3,2,3,1
1695,4,4,3,3,2,1,4
1696,4,4,3,3,2,2,3
1697,4,4,3,3,3,3,1
1698,4,4,3,3,3,1,4
1699,4,4,3,3,3,2,3
1700,4,4,4,1,1,3,1
1701,4,4,4,1,1,1,1
1702,4,4,4,1,1,2,1
1703,4,4,4,1,2,3,1
1704,4,4,4,1,2,1,1
1705,4,4,4,1,2,2,1
1706,4,4,4,1,3,3,1
1707,4,4,4,1,3,1,1
1708,4,4,4,1,3,2,1
1709,4,4,4,2,1,3,1
1710,4,4,4,2,1,1,2
1711,4,4,4,2,1,2,4
1712,4,4,4,2,2,3,1
1713,4,4,4,2,2,1,4
1714,4,4,4,2,2,2,3
1715,4,4,4,2,3,3,1
1716,4,4,4,2,3,1,4
1717,4,4,4,2,3,2,3
1718,4,4,4,3,1,3,1
1719,4,4,4,3,1,1,2
1720,4,4,4,3,1,2,4
1721,4,4,4,3,2,3,1
1722,4,4,4,3,2,1,4
1723,4,4,4,3,2,2,3
1724,4,4,4,3,3,3,1
1725,4,4,4,3,3,1,4
1726,4,4,4,3,3,2,3
