price,displacement,cylinders,tank,height,length,width,doors,mileage,fuel,type
292667,624,2,24,1652,3164,1750,5,24,Petrol,Manual
236447,624,2,24,1652,3164,1750,5,24,Petrol,Manual
334768,624,2,24,1652,3164,1750,5,22,Petrol,Automatic
272223,624,2,24,1652,3164,1750,5,24,Petrol,Manual
314815,624,2,24,1652,3164,1750,5,22,Petrol,Automatic
279650,799,3,28,1541,3429,1560,5,25,Petrol,Manual
351832,799,3,28,1541,3429,1560,5,25,Petrol,Manual
333419,799,3,28,1541,3429,1560,5,25,Petrol,Manual
362000,799,3,28,1541,3429,1560,5,25,Petrol,Manual
390000,999,3,28,1541,3429,1560,5,23,Petrol,Manual
437065,999,3,28,1541,3429,1560,5,23,Petrol,Automatic
353290,799,3,28,1490,3731,1579,5,25,Petrol,Manual
283290,799,3,28,1490,3731,1579,5,25,Petrol,Manual
383290,799,3,28,1490,3731,1579,5,25,Petrol,Manual
413290,799,3,28,1490,3731,1580,5,25,Petrol,Manual
433290,999,3,28,1490,3731,1579,5,23,Petrol,Manual
454490,999,3,28,1490,3731,1579,5,23,Petrol,Manual
463290,999,3,28,1490,3731,1579,5,24,Petrol,Automatic
484490,999,3,28,1490,3731,1579,5,24,Petrol,Automatic
440990,999,3,28,1490,3731,1579,5,23,Petrol,Manual
470990,999,3,28,1490,3731,1579,5,23,Petrol,Automatic
462190,999,3,28,1490,3731,1579,5,23,Petrol,Manual
492190,999,3,28,1490,3731,1579,5,24,Petrol,Automatic
352136,1196,4,40,1800,3675,1475,5,15,Petrol,Manual
380573,1196,4,40,1800,3675,1475,5,15,Petrol,Manual
392967,1196,4,40,1800,3675,1475,5,15,Petrol,Manual
377588,998,3,35,1475,3545,1490,5,24,Petrol,Manual
394036,998,3,35,1475,3545,1490,5,24,Petrol,Manual
360843,998,3,35,1475,3545,1490,5,24,Petrol,Manual
407238,998,3,35,1460,3620,1475,5,24,Petrol,Manual
438559,998,3,35,1475,3545,1490,5,24,Petrol,Automatic
374990,1198,3,35,1507,3788,1636,5,20,Petrol,Manual
468229,1198,3,35,1507,3788,1636,5,20,Petrol,Manual
502492,1198,3,35,1507,3788,1636,5,20,Petrol,Manual
499990,1198,3,35,1507,3788,1636,5,20,Petrol,Manual
469990,1198,3,35,1507,3788,1636,5,20,Petrol,Manual
528464,1198,3,35,1507,3788,1636,5,20,Petrol,Manual
553015,1198,3,35,1507,3788,1636,5,20,Petrol,Manual
594464,1198,3,35,1507,3788,1636,5,20,Petrol,Manual
618015,1198,3,35,1507,3788,1636,5,20,Petrol,Manual
422444,998,3,35,1560,3600,1600,5,23,Petrol,Manual
429990,1086,4,35,1560,3610,1645,4,20,Petrol,Manual
503990,1086,4,35,1560,3610,1645,4,20,Petrol,Manual
530990,1086,4,35,1560,3610,1645,4,20,Petrol,AMT
512990,1086,4,35,1560,3610,1645,4,20,Petrol,Manual
570990,1086,4,35,1560,3610,1645,4,20,Petrol,AMT
556490,1086,4,35,1560,3610,1645,4,20,Petrol,Manual
460000,1199,3,35,1535,3765,1677,5,23,Petrol,Manual
520000,1199,3,35,1535,3746,1647,5,23,Petrol,Manual
570000,1199,3,35,1535,3746,1647,5,23,Petrol,Manual
599000,1199,3,35,1535,3746,1647,5,23,Petrol,Manual
610000,1199,3,35,1535,3746,1647,5,23,Petrol,Manual
620000,1199,3,35,1535,3746,1647,5,24,Petrol,AMT
649000,1199,3,35,1535,3746,1647,5,24,Petrol,AMT
660000,1199,3,35,1535,3746,1647,5,24,Petrol,AMT
481074,998,3,35,1560,3600,1600,5,23,Petrol,Manual
475198,998,3,35,1560,3600,1600,5,23,Petrol,Manual
518198,998,3,35,1560,3600,1600,5,23,Petrol,Automatic
524074,998,3,35,1560,3600,1600,5,23,Petrol,Automatic
499734,998,3,35,1560,3600,1600,5,23,Petrol,Manual
540350,998,3,35,1560,3600,1600,5,23,Petrol,Manual
542735,998,3,35,1560,3600,1600,5,23,Petrol,Automatic
552350,998,3,35,1560,3600,1600,5,23,Petrol,Automatic
713898,1197,4,32,1595,3700,1690,5,21,Petrol,AMT
666898,1197,4,32,1595,3700,1690,5,21,Petrol,Manual
607841,1197,4,32,1595,3700,1690,5,21,Petrol,AMT
560841,1197,4,32,1595,3700,1690,5,21,Petrol,Manual
483320,1197,4,32,1595,3700,1690,5,21,Petrol,Manual
630320,1197,4,32,1595,3700,1690,5,21,Petrol,AMT
583320,1197,4,32,1595,3700,1690,5,21,Petrol,Manual
495000,999,3,40,1643,3990,1739,5,21,Petrol,Manual
559000,999,3,40,1643,3990,1739,5,21,Petrol,Manual
609000,999,3,40,1643,3990,1739,5,21,Petrol,Manual
663000,999,3,40,1643,3990,1739,5,21,Petrol,Manual
506000,1173,4,46,1730,3970,1570,5,16,Petrol,Manual
568623,1489,4,46,1730,3970,1570,5,16,Diesel,Manual
670000,1173,4,46,1730,3970,1570,5,16,Petrol,Manual
603000,1489,4,46,1730,3970,1570,5,16,Diesel,Manual
739000,1489,4,46,1730,3970,1570,5,16,Diesel,Manual
739000,1248,4,46,1730,3970,1570,5,24,Diesel,Manual
520300,1197,4,45,1510,3884,1695,5,18,Petrol,Manual
581000,1197,4,45,1510,3884,1695,5,18,Petrol,Manual
647800,1364,4,45,1510,3884,1695,5,24,Diesel,Manual
630000,1197,4,45,1510,3884,1695,5,18,Petrol,Manual
745000,1364,4,45,1510,3884,1695,5,24,Diesel,Manual
704000,1364,4,45,1510,3884,1695,5,24,Diesel,Manual
597700,1197,4,45,1510,3884,1695,5,18,Petrol,Manual
720700,1364,4,45,1510,3884,1695,5,24,Diesel,Manual
641700,1197,4,45,1510,3884,1695,5,18,Petrol,Manual
756700,1364,4,45,1510,3884,1695,5,24,Diesel,Manual
558400,1197,4,45,1510,3884,1695,5,18,Petrol,Manual
686000,1364,4,45,1510,3884,1695,5,24,Diesel,Manual
662700,1197,4,45,1510,3884,1695,5,18,Petrol,Manual
777700,1364,4,45,1510,3884,1695,5,24,Diesel,Manual
525021,1198,3,41,1530,3801,1665,5,19,Petrol,Manual
599950,1198,3,41,1530,3801,1665,5,19,Petrol,Manual
563133,1198,3,41,1530,3801,1665,5,19,Petrol,Manual
787980,1248,4,44,1562,3825,1695,5,23,Diesel,Manual
661111,1248,4,44,1562,3825,1695,5,23,Diesel,Manual
693798,1248,4,44,1562,3825,1695,5,23,Diesel,Manual
719661,1248,4,44,1562,3825,1695,5,23,Diesel,Manual
674960,1193,4,44,1562,3825,1695,5,18,Petrol,Manual
529035,1193,4,44,1562,3825,1695,5,18,Petrol,Manual
590268,1193,4,44,1562,3825,1695,5,18,Petrol,Manual
614515,1193,4,44,1562,3825,1695,5,18,Petrol,Manual
536859,1197,4,43,1520,3995,1660,4,16,Petrol,Manual
639616,1197,4,43,1520,3995,1660,4,20,Diesel,Manual
620297,1197,4,43,1520,3995,1660,4,20,Diesel,Manual
653523,1248,4,42,1555,3995,1695,4,28,Diesel,Manual
553423,1197,4,42,1555,3995,1695,4,22,Petrol,Manual
559693,1197,4,45,1505,3995,1710,5,19,Petrol,Manual
697803,1396,4,45,1505,3985,1734,5,23,Diesel,Manual
634950,1197,4,45,1505,3985,1734,5,19,Petrol,Manual
770803,1396,4,45,1505,3985,1734,5,23,Diesel,Manual
721693,1197,4,45,1505,3985,1734,5,19,Petrol,Manual
876103,1396,4,45,1505,3985,1734,5,23,Diesel,Manual
808993,1197,4,45,1505,3995,1734,5,18,Petrol,Manual
934003,1396,4,45,1505,3985,1734,5,23,Diesel,Manual
920993,1197,4,45,1505,3985,1734,5,19,Petrol,Automatic
751693,1197,4,45,1505,3985,1734,5,19,Petrol,Manual
831693,1197,4,45,1505,3985,1734,5,19,Petrol,Manual
846103,1396,4,45,1505,3985,1734,5,23,Diesel,Manual
582000,999,3,45,1469,3971,1682,5,19,Petrol,Manual
676500,999,3,45,1469,3971,1682,5,19,Petrol,Manual
776500,999,3,45,1469,3971,1682,5,19,Petrol,Manual
734500,1498,4,45,1469,3971,1682,5,20,Diesel,Manual
851500,1498,4,45,1469,3971,1682,5,20,Diesel,Manual
931500,1498,4,45,1469,3971,1682,5,20,Diesel,Manual
976000,1197,4,45,1469,3971,1682,5,17,Petrol,Automatic
988500,1498,4,45,1469,3971,1682,5,20,Diesel,Manual
582613,1197,4,37,1515,3995,1735,4,22,Petrol,Manual
673112,1197,4,37,1515,3995,1735,4,22,Petrol,Manual
666622,1248,4,37,1515,3995,1735,4,28,Diesel,Manual
732113,1197,4,37,1515,3995,1735,4,22,Petrol,Manual
757622,1248,4,37,1515,3995,1735,4,28,Diesel,Manual
720112,1197,4,37,1515,3995,1735,4,22,Petrol,Automatic
863122,1248,4,37,1515,3995,1735,4,28,Diesel,Automatic
816622,1248,4,37,1515,3995,1735,4,28,Diesel,Manual
821613,1197,4,37,1515,3995,1735,4,22,Petrol,Manual
779113,1197,4,37,1515,3995,1735,4,22,Petrol,Automatic
868613,1197,4,37,1515,3995,1735,4,22,Petrol,Automatic
906122,1248,4,37,1515,3995,1735,4,28,Diesel,Manual
804622,1248,4,37,1515,3995,1735,4,28,Diesel,Automatic
952622,1248,4,37,1515,3995,1735,4,28,Diesel,Automatic
676400,1498,4,40,1570,3954,1737,5,24,Diesel,Manual
790900,1498,4,40,1570,3954,1737,5,24,Diesel,Manual
836400,1498,4,40,1570,3954,1737,5,24,Diesel,Manual
591400,1194,3,42,1570,3954,1737,5,19,Petrol,Manual
721400,1194,3,42,1570,3954,1737,5,19,Petrol,Manual
756400,1194,3,42,1570,3954,1737,5,19,Petrol,Manual
681400,1194,3,42,1570,3954,1737,5,19,Petrol,Manual
745900,1498,3,42,1570,3954,1737,5,24,Diesel,Manual
594000,999,3,45,1483,3995,1682,4,19,Petrol,Manual
665000,999,3,45,1483,3995,1682,4,19,Petrol,Manual
799900,999,3,45,1483,3995,1682,4,19,Petrol,Manual
598500,1194,4,42,1525,3995,1704,4,20,Petrol,Manual
697400,1194,4,42,1525,3995,1704,4,20,Petrol,Manual
663400,1194,4,42,1525,3995,1704,4,20,Petrol,Manual
699400,1498,4,40,1525,3995,1704,4,26,Diesel,Manual
737400,1498,4,40,1525,3995,1704,4,26,Diesel,Manual
777400,1498,4,40,1525,3995,1705,4,26,Diesel,Manual
817400,1498,4,40,1525,3995,1704,4,26,Diesel,Manual
862400,1498,4,40,1525,3995,1704,4,26,Diesel,Manual
782400,1194,4,42,1525,3995,1704,4,19,Petrol,Manual
737400,1194,4,42,1525,3995,1704,4,19,Petrol,Manual
762400,1194,4,42,1525,3995,1704,4,19,Petrol,Manual
842400,1498,4,40,1525,3995,1704,4,26,Diesel,Manual
627100,1496,4,45,1510,4369,1695,4,17,Petrol,Manual
718600,1496,4,45,1510,4369,1695,4,17,Petrol,Manual
734700,1364,4,45,1510,4369,1695,4,24,Diesel,Manual
828600,1364,4,45,1510,4369,1695,4,24,Diesel,Manual
888400,1364,4,45,1510,4369,1695,4,24,Diesel,Manual
778400,1496,4,45,1510,4369,1695,4,17,Petrol,Manual
689600,1496,4,45,1510,4369,1695,4,17,Petrol,Manual
799600,1364,4,45,1510,4369,1695,4,24,Diesel,Manual
913400,1364,4,45,1510,4369,1695,4,24,Diesel,Manual
803400,1496,4,45,1510,4369,1695,4,17,Petrol,Manual
802000,1496,4,45,1555,3895,1735,5,17,Petrol,Manual
650000,1197,4,45,1555,3895,1735,5,18,Petrol,Manual
797500,1364,4,45,1555,3895,1735,5,24,Diesel,Manual
766000,1364,4,45,1555,3895,1735,5,24,Diesel,Manual
668500,1197,4,45,1555,3895,1735,5,18,Petrol,Manual
816000,1364,4,45,1555,3895,1735,5,24,Diesel,Manual
657628,1461,4,50,1540,3991,1740,5,20,Diesel,Manual
685729,1461,4,50,1540,3991,1740,5,20,Diesel,Manual
750428,1461,4,50,1540,3991,1740,5,20,Diesel,Manual
677618,1248,4,45,1542,3989,1706,5,20,Diesel,Manual
739074,1248,4,45,1542,3989,1706,5,20,Diesel,Manual
977516,1368,4,45,1542,3989,1706,5,17,Petrol,Manual
810211,1248,4,45,1542,3989,1706,5,20,Diesel,Manual
721900,1197,4,37,1540,3995,1745,5,24,Petrol,Manual
758200,1197,4,37,1540,3995,1745,5,21,Petrol,Manual
829900,1197,4,37,1540,3995,1745,5,20,Petrol,CVT
890200,1197,4,37,1540,3995,1745,5,20,Petrol,CVT
697900,1197,4,37,1540,3995,1745,5,20,Petrol,Manual
796132,1248,4,45,1542,3989,1706,5,21,Diesel,Manual
711801,1248,4,45,1542,3989,1706,5,21,Diesel,Manual
876341,1248,4,45,1542,3989,1706,5,21,Diesel,Manual
745000,1199,4,40,1544,3955,1694,5,18,Petrol,Manual
909000,1199,4,40,1544,3955,1694,5,19,Petrol,Automatic
789000,1199,4,40,1544,3955,1694,5,18,Petrol,Manual
865000,1199,4,40,1544,3955,1694,5,19,Petrol,Automatic
816500,1498,4,40,1544,3955,1694,5,27,Diesel,Manual
896500,1498,4,40,1544,3955,1694,5,27,Diesel,Manual
940500,1498,4,40,1544,3955,1694,5,27,Diesel,Manual
928000,1199,4,40,1544,3955,1694,5,18,Petrol,Automatic
2680000,1956,4,60,1657,4398,1818,5,16,Diesel,Automatic
2760000,1956,4,60,1657,4398,1818,5,16,Diesel,Automatic
2734834,2999,4,76,1840,4825,1860,5,14,Diesel,Automatic
2931534,2999,4,76,1840,4825,1860,5,14,Diesel,Automatic
3070150,2157,4,70,2,4850,1960,5,12,Diesel,Automatic
2814500,1968,4,71,1672,4486,1839,5,17,Diesel,Automatic
2827001,1997,4,57,1679,4592,1855,5,14,Petrol,Automatic
2899599,1798,4,66,1483,4861,1864,4,14,Petrol,Automatic
3149599,1968,4,66,1483,4861,1864,4,18,Diesel,Automatic
3021200,1968,4,50,1416,4456,1796,4,20,Diesel,Automatic
3221200,1968,4,50,1416,4456,1796,4,20,Diesel,Automatic
2920750,1395,4,50,1416,4456,1796,4,19,Petrol,Automatic
3120750,1395,4,50,1416,4456,1796,4,19,Petrol,Automatic
2988311,1595,4,50,1557,4393,1786,5,15,Petrol,Automatic
3089851,2143,4,50,1557,4393,1786,5,15,Diesel,Automatic
3198662,1595,4,50,1557,4393,1786,5,15,Petrol,Automatic
3303282,2143,4,50,1557,4393,1786,5,15,Diesel,Automatic
3599000,1991,4,56,1432,4630,1777,4,15,Petrol,Automatic
3172000,2143,4,56,1432,4630,1777,4,18,Diesel,Automatic
3699000,2143,4,56,1432,4630,1777,4,18,Diesel,Automatic
3299599,1968,4,66,1483,4861,1864,4,18,Diesel,Automatic
3678599,1968,4,66,1483,4861,1864,4,18,Diesel,Automatic
3299599,1968,4,66,1483,4861,1864,4,18,Diesel,Automatic
3407407,2000,4,60,1200,4565,2120,2,10,Petrol,Manual
3677200,1968,4,64,1608,4388,1831,5,16,Diesel,Manual
3992200,1968,4,64,1608,4388,1831,5,16,Diesel,Automatic
4361000,1968,4,64,1608,4388,1831,5,16,Diesel,Automatic
3496750,1395,4,64,1608,4388,1831,5,17,Petrol,Automatic
3600000,1496,3,44,1425,3982,1727,5,21,Petrol,Automatic
3830000,1998,4,44,1415,3850,1727,2,15,Petrol,Automatic
4350000,1998,4,44,1414,3874,1727,3,16,Petrol,Automatic
4498000,1997,4,61,1416,4691,1850,4,11,Petrol,Automatic
4498000,1999,4,56,1416,4691,1850,4,11,Diesel,Automatic
4633000,1999,4,56,1416,4691,1850,4,11,Diesel,Automatic
4633000,1997,4,61,1416,4691,1850,4,11,Petrol,Automatic
5436329,1999,4,74,1460,4961,2091,4,13,Petrol,Automatic
6073446,1999,4,82,1457,5252,1899,4,13,Petrol,Automatic
6138811,1999,4,83,1457,5252,1899,4,19,Diesel,Automatic
5506622,1999,4,66,1457,5067,2091,4,19,Diesel,Automatic
4977080,1999,4,66,1457,5067,2091,4,19,Diesel,Automatic
5038000,1395,4,50,1409,4421,1793,2,19,Petrol,Automatic
5442200,1984,4,73,1455,4933,1874,4,14,Petrol,Automatic
5942200,1984,4,73,1455,4933,1874,4,14,Petrol,Automatic
5930000,1995,4,67,1678,4657,1881,5,19,Diesel,Automatic
5880000,1998,4,67,1678,4657,1881,5,19,Petrol,Automatic
5600000,1995,4,67,1678,4657,1881,5,19,Diesel,Automatic
7243000,2995,6,58,1384,4718,1843,4,14,Petrol,Automatic
7462000,4951,8,61,1391,4784,2080,3,13,Petrol,Automatic
7882867,2987,6,94,1802,4828,1943,5,13,Diesel,Automatic
8931819,2987,6,94,1802,4828,1943,5,13,Diesel,Automatic
11400000,6417,8,94,1749,4846,1954,5,13,Petrol,Automatic
7515000,3604,6,94,1802,4828,1943,5,9,Petrol,Automatic
8180000,2979,6,52,1410,4461,1854,2,10,Petrol,Automatic
8995000,1988,4,54,1281,4379,1801,2,7,Petrol,Automatic
8595000,1988,4,54,1281,4379,1801,2,7,Petrol,Automatic
8820000,2987,6,100,1850,5120,1934,4,12,Diesel,Automatic
19199181,5461,8,80,1850,5146,1982,4,12,Petrol,Automatic
8776900,2996,8,80,1850,5146,1982,4,12,Petrol,Automatic
8690000,2996,8,80,1850,5146,1982,4,12,Petrol,Automatic
8690000,2987,6,100,1850,5120,1934,4,12,Diesel,Automatic
9630000,2982,4,87,1880,4840,1885,5,11,Diesel,Automatic
9900000,3456,6,65,1700,5000,1895,4,18,Petrol,Automatic
12290000,2993,6,78,1479,5120,2169,4,18,Diesel,Automatic
13200000,2993,6,78,1479,5120,2169,4,18,Diesel,Automatic
13510000,2993,6,78,1479,5120,2169,4,18,Diesel,Automatic
13510000,2998,6,78,1479,5120,2169,4,12,Petrol,Automatic
24250000,6592,12,78,1481,5219,2142,4,8,Petrol,Automatic
13558438,2987,6,90,1494,5116,1899,4,14,Diesel,Automatic
13976653,2996,6,70,1494,5246,1899,4,8,Petrol,Automatic
25500000,3982,8,80,1411,5027,1899,2,14,Petrol,Automatic
14512054,2987,6,80,1679,5003,2158,4,8,Diesel,Automatic
14863774,2979,6,80,1679,5003,2158,5,8,Diesel,Automatic
15383399,2979,6,80,1679,5003,2158,5,8,Diesel,Automatic
17229579,4691,8,86,1353,4881,1915,2,10,Petrol,Automatic
17900000,2987,6,70,1481,5262,1948,4,8,Diesel,Automatic
27308312,5980,12,80,1498,5453,1899,4,8,Petrol,Automatic
19890000,4663,8,80,1494,5246,1899,4,8,Petrol,Automatic
21263000,3996,8,90,1427,5049,1937,4,11,Petrol,Automatic
22613000,3996,8,90,1432,5199,1937,4,11,Petrol,Automatic
21747000,3996,8,90,1432,5049,1937,4,11,Petrol,Automatic
23491293,4663,8,80,1417,5027,1899,2,8,Petrol,Automatic
27245000,5204,10,75,1252,4440,2029,2,7,Petrol,Automatic
30000000,3996,8,75,1638,5112,2181,5,8,Petrol,Automatic
33791059,5998,12,90,1401,4807,2226,2,9,Petrol,Automatic
35000000,3855,8,92,1320,4569,1910,2,9,Petrol,Automatic
45941557,5950,12,85,1742,5141,1998,5,19,Petrol,Automatic
37542069,3996,12,85,1742,5140,1998,5,9,Petrol,Automatic
42531500,4497,8,86,1203,4571,1951,2,9,Petrol,Automatic
46709733,6593,12,83,1550,5399,1948,4,17,Petrol,Automatic
53247201,6592,12,83,1550,5569,1948,4,7,Petrol,Automatic
50025840,6592,12,83,1507,5269,1947,2,10,Petrol,Automatic
52571294,6752,8,90,1521,5575,2208,4,10,Petrol,Automatic
77312661,6749,12,100,1598,5612,1987,2,23,Petrol,Automatic
294800,796,3,35,1475,3445,1490,5,22,Petrol,Manual
299900,796,3,35,1475,3445,1490,5,22,Petrol,Manual
352900,796,3,35,1475,3445,1490,5,22,Petrol,Manual
357200,796,3,35,1475,3445,1490,5,22,Petrol,Manual
376100,796,3,35,1475,3445,1490,5,22,Petrol,Manual
405570,796,3,35,1475,3445,1490,5,22,CNG + Petrol,Manual
409190,796,3,35,1475,3445,1490,5,22,CNG + Petrol,Manual
389600,796,3,35,1475,3445,1490,5,22,Petrol,Manual
370500,998,3,27,1549,3565,1520,5,21,Petrol,Manual
376500,998,3,27,1549,3565,1520,5,21,Petrol,Manual
409000,998,3,27,1549,3565,1520,5,21,Petrol,Manual
415000,998,3,27,1549,3565,1520,5,21,Petrol,Manual
432500,998,3,27,1549,3565,1520,5,22,Petrol,Manual
438500,998,3,27,1549,3565,1520,5,22,Petrol,Manual
475500,998,3,27,1549,3565,1520,5,22,Petrol,AMT
456000,998,3,27,1549,3565,1520,5,22,Petrol,Manual
481500,998,3,27,1549,3565,1520,5,22,Petrol,AMT
499000,998,3,27,1549,3565,1520,5,22,Petrol,AMT
426289,998,3,35,1560,3600,1600,5,23,Petrol,Manual
465138,998,3,35,1560,3600,1600,5,23,Petrol,Manual
508138,998,3,35,1560,3600,1600,5,23,Petrol,Automatic
490924,998,3,35,1560,3600,1600,5,23,Petrol,Manual
531279,998,3,35,1560,3600,1600,5,23,Petrol,Manual
533924,998,3,35,1560,3600,1600,5,23,Petrol,Automatic
434659,998,3,35,1560,3600,1600,5,23,Petrol,Manual
472257,998,3,35,1560,3600,1600,5,23,Petrol,Manual
515257,998,3,35,1560,3600,1600,5,23,Petrol,Automatic
543279,998,3,35,1560,3600,1600,5,23,Petrol,Automatic
460369,1197,4,43,1520,3765,1660,5,20,Petrol,Manual
477511,1197,4,43,1520,3765,1660,5,20,Petrol,Manual
488194,1198,3,35,1655,3700,1735,5,18,Petrol,Manual
532184,1198,3,35,1655,3700,1735,5,18,Petrol,Manual
590798,1198,3,35,1655,3700,1735,5,25,Diesel,Manual
619243,1198,3,35,1655,3700,1735,5,25,Diesel,Manual
667273,1198,3,35,1655,3700,1735,5,25,Diesel,Manual
579645,1198,3,35,1655,3700,1735,5,18,Petrol,Manual
631144,1198,3,35,1655,3700,1735,5,18,Petrol,Manual
754548,1198,3,35,1655,3700,1735,5,25,Diesel,Manual
693550,1198,3,35,1655,3700,1735,5,18,Petrol,Manual
787304,1198,3,35,1655,3700,1735,5,25,Diesel,Manual
701045,1198,3,35,1655,3700,1735,5,18,Petrol,Manual
794800,1198,3,35,1655,3700,1735,5,25,Diesel,Manual
573250,1198,3,35,1655,3700,1735,5,18,Petrol,Manual
631146,1198,3,35,1655,3700,1735,5,18,Petrol,Manual
687175,1198,3,35,1655,3700,1735,5,18,Petrol,Manual
660832,1198,3,35,1655,3700,1735,5,25,Diesel,Manual
748128,1198,3,35,1655,3700,1735,5,25,Diesel,Manual
780884,1198,3,35,1655,3700,1735,5,25,Diesel,Manual
550155,1198,3,35,1655,3700,1735,5,25,Diesel,Manual
559741,1198,3,35,1655,3700,1735,5,25,Diesel,Manual
524312,1198,3,35,1655,3700,1735,5,18,Petrol,Manual
542913,1198,3,35,1655,3700,1735,5,18,Petrol,Manual
519000,1197,4,37,1530,3840,1735,5,20,Petrol,Manual
619000,1197,4,37,1530,3840,1735,5,20,Petrol,Manual
666000,1197,4,37,1530,3840,1735,5,20,Petrol,Automatic
678000,1197,4,37,1530,3840,1735,5,20,Petrol,Manual
725000,1197,4,37,1530,3840,1735,5,20,Petrol,Automatic
758000,1197,4,37,1530,3840,1735,5,20,Petrol,Manual
599000,1248,4,37,1530,3840,1735,5,25,Diesel,Manual
698000,1248,4,37,1530,3840,1735,5,25,Diesel,Manual
745000,1248,4,37,1530,3840,1735,5,25,Diesel,Automatic
757000,1248,4,37,1530,3840,1735,5,25,Diesel,Manual
804000,1248,4,37,1530,3840,1735,5,25,Diesel,Automatic
838000,1248,4,37,1530,3840,1735,5,25,Diesel,Manual
802000,1197,4,37,1530,3840,1735,5,20,Petrol,Automatic
884000,1248,4,37,1530,3840,1735,5,25,Diesel,Automatic
529000,1199,3,37,1523,3990,1755,5,18,Petrol,Manual
699000,1497,4,37,1523,3990,1755,5,25,Diesel,Manual
575000,1199,3,35,1537,3992,1677,4,23,Petrol,Manual
610000,1199,3,35,1537,3992,1677,4,23,Petrol,Manual
650000,1199,3,35,1537,3992,1677,4,23,Petrol,Manual
699000,1199,3,35,1537,3992,1677,4,23,Petrol,Manual
660000,1199,3,35,1537,3992,1677,4,23,Petrol,AMT
749000,1199,3,35,1537,3992,1677,4,23,Petrol,AMT
582287,1193,4,44,1570,3995,1706,4,18,Petrol,Manual
702946,1248,4,44,1570,3995,1706,4,23,Diesel,Manual
653926,1193,4,44,1570,3995,1706,4,18,Petrol,Manual
672641,1193,4,44,1570,3995,1706,4,18,Petrol,Manual
732475,1193,4,44,1570,3995,1706,4,18,Petrol,Manual
767317,1248,4,44,1570,3995,1706,4,23,Diesel,Manual
793898,1248,4,44,1570,3995,1706,5,21,Diesel,Manual
855362,1248,4,44,1570,3995,1706,4,23,Diesel,Manual
836320,1248,4,44,1570,3995,1706,4,23,Diesel,AMT
989000,1248,4,44,1570,3995,1706,4,23,Diesel,Automatic
788797,1248,4,44,1570,3995,1706,5,21,Diesel,Manual
763000,1199,4,35,1501,3995,1695,4,19,Petrol,Automatic
705000,1498,4,35,1498,3995,1695,4,27,Diesel,Manual
593000,1199,4,35,1498,3995,1695,4,20,Petrol,Manual
865000,1498,4,35,1501,3995,1695,4,24,Diesel,Automatic
823000,1199,4,35,1501,3995,1695,4,19,Petrol,Automatic
925000,1498,4,35,1501,3995,1695,4,24,Diesel,Automatic
785000,1498,4,35,1501,3995,1695,4,27,Diesel,Manual
893000,1498,4,35,1501,3995,1695,4,27,Diesel,Manual
845000,1498,4,35,1501,3995,1695,4,27,Diesel,Manual
781000,1199,4,35,1501,3995,1695,4,20,Petrol,Manual
733000,1199,4,35,1501,3995,1695,4,20,Petrol,Manual
673000,1198,4,35,1501,3995,1695,4,20,Petrol,Manual
906000,1498,4,35,1501,3995,1695,4,27,Diesel,Manual
794000,1199,4,35,1501,3995,1695,4,20,Petrol,Manual
966000,1498,4,35,1501,3995,1695,4,27,Diesel,Automatic
864000,1199,4,35,1501,3995,1695,4,20,Petrol,Automatic
979300,1498,4,35,1501,3995,1695,4,27,Diesel,Automatic
877300,1199,4,35,1501,3995,1695,4,20,Petrol,Automatic
906300,1498,4,35,1501,3995,1695,4,27,Diesel,Manual
794300,1199,4,35,1501,3995,1695,4,20,Petrol,Manual
637343,1298,4,40,1875,4010,1540,3,12,Petrol,Manual
622730,1298,4,40,1845,4010,1540,3,12,Petrol,Manual
655000,1197,4,45,1590,3995,1770,5,18,Petrol,Manual
826000,998,4,45,1590,3995,1770,5,18,Petrol,Manual
959000,998,4,45,1590,3995,1770,5,18,Petrol,Manual
974000,998,4,45,1590,3995,1770,5,18,Petrol,Manual
1065000,998,4,45,1590,3995,1770,5,18,Petrol,Manual
940000,998,4,45,1590,3995,1770,5,18,Petrol,DCT
1115500,998,4,45,1590,3995,1770,5,18,Petrol,DCT
725000,1197,4,45,1590,3995,1770,5,18,Petrol,Manual
1089000,1397,4,45,1590,3995,1770,5,24,Diesel,Manual
695000,1198,3,44,1607,3994,1811,5,18,Petrol,Manual
770000,1198,3,44,1607,3994,1811,5,18,Petrol,Manual
870000,1198,3,44,1607,3994,1811,5,18,Petrol,Manual
950000,1198,3,44,1607,3994,1811,5,18,Petrol,Manual
970000,1198,3,44,1607,3994,1811,5,18,Petrol,Manual
1040000,1198,3,44,1607,3994,1811,5,18,Petrol,Manual
1060000,1198,3,44,1607,3994,1811,5,18,Petrol,Automatic
830000,1198,3,44,1607,3994,1811,5,18,Petrol,Automatic
1010000,1198,3,44,1607,3994,1811,5,18,Petrol,Automatic
1030000,1198,3,44,1607,3994,1811,5,18,Petrol,Automatic
1100000,1198,3,44,1607,3994,1811,5,18,Petrol,Automatic
1120000,1198,3,44,1607,3994,1811,5,18,Petrol,Automatic
845000,1497,4,44,1607,3994,1811,5,24,Diesel,Manual
920000,1497,4,44,1607,3994,1811,5,24,Diesel,Manual
1020000,1497,4,44,1607,3994,1811,5,24,Diesel,Manual
1100000,1497,4,44,1607,3994,1811,5,24,Diesel,Manual
1120000,1497,4,44,1607,3994,1811,5,24,Diesel,Manual
1190000,1497,4,44,1607,3994,1811,5,24,Diesel,Manual
1210000,1497,4,44,1607,3994,1811,5,24,Diesel,Manual
980000,1497,4,44,1607,3994,1811,5,24,Diesel,Automatic
1160000,1497,4,44,1607,3994,1811,5,24,Diesel,Automatic
1180000,1497,4,44,1607,3994,1811,5,24,Diesel,Automatic
1250000,1497,4,44,1607,3994,1811,5,24,Diesel,Automatic
1270000,1497,4,44,1607,3994,1811,5,24,Diesel,Automatic
715860,1368,4,45,1487,4596,1730,4,16,Petrol,Manual
862175,1248,4,45,1494,4596,1730,4,20,Diesel,Manual
932025,1248,4,45,1494,4596,1730,5,20,Diesel,Manual
991434,1248,4,45,1494,4596,1730,4,20,Diesel,Manual
997763,1368,4,45,1487,4596,1730,4,16,Petrol,Manual
886398,1493,4,60,1880,3995,1745,5,17,Diesel,Manual
851302,1493,4,60,1880,3995,1745,5,17,Diesel,Manual
785656,1493,4,60,1880,3995,1745,5,17,Diesel,Manual
749192,1493,4,60,1880,3995,1745,5,17,Diesel,Manual
859497,2523,4,60,1977,4494,1745,5,16,Diesel,Manual
819117,2523,4,60,1977,4440,1660,5,16,Diesel,Manual
762742,1248,4,48,1640,3995,1790,5,24,Diesel,Manual
814742,1248,4,48,1640,3995,1790,5,24,Diesel,Manual
892243,1248,4,48,1640,3995,1790,5,24,Diesel,Manual
987743,1248,4,48,1640,3995,1790,5,24,Diesel,Manual
1003552,1248,4,48,1640,3995,1790,5,24,Diesel,Manual
1037742,1248,4,48,1640,3995,1790,5,24,Diesel,Manual
864742,1248,4,48,1640,3995,1790,5,24,Diesel,Automatic
942243,1248,4,48,1640,3995,1790,5,24,Diesel,Automatic
1059742,1248,4,48,1640,3995,1790,5,24,Diesel,Automatic
774035,1197,4,40,1555,3995,1760,5,17,Petrol,Manual
858536,1197,4,40,1555,3995,1760,5,17,Petrol,Manual
882298,1197,4,40,1555,3995,1760,5,17,Petrol,Manual
993393,1396,4,40,1555,3995,1760,5,21,Diesel,Manual
791000,1497,3,52,1647,3998,1765,5,17,Petrol,Manual
871000,1497,3,52,1647,3998,1765,5,17,Petrol,Manual
950000,1497,3,52,1647,3998,1765,5,17,Petrol,Manual
1130000,1497,3,52,1647,3998,1765,5,15,Petrol,Automatic
841000,1498,4,52,1647,3998,1765,5,23,Diesel,Manual
921000,1498,4,52,1647,3998,1765,5,23,Diesel,Manual
999900,1498,4,52,1647,3998,1765,5,23,Diesel,Manual
1090000,1498,4,52,1647,3998,1765,5,23,Diesel,Manual
999900,1497,4,52,1647,3998,1765,5,23,Petrol,Manual
1145000,1498,3,52,1647,3998,1765,5,23,Diesel,Manual
999900,1497,4,52,1647,3998,1765,5,23,Petrol,Manual
1090000,1498,4,52,1647,3998,1765,5,23,Diesel,Manual
799990,1498,4,50,1695,4315,1822,5,14,Petrol,Manual
919990,1498,4,50,1695,4315,1822,5,14,Petrol,Manual
999990,1498,4,50,1695,4315,1822,5,14,Petrol,CVT
929990,1461,4,50,1695,4315,1822,5,20,Diesel,Manual
999990,1461,4,50,1695,4315,1822,5,20,Diesel,Manual
1119990,1461,4,50,1695,4315,1822,5,20,Diesel,Automatic
1209990,1461,4,50,1695,4315,1822,5,20,Diesel,Automatic
1249990,1461,4,50,1695,4315,1822,5,20,Diesel,Automatic
1249990,1461,4,50,1695,4315,1822,5,20,Diesel,Automatic
999900,1591,4,45,1445,4440,1729,4,18,Petrol,Manual
1172544,1582,4,45,1445,4440,1729,4,24,Diesel,Manual
1301881,1582,4,45,1445,4440,1729,4,24,Diesel,Manual
1172999,1591,4,45,1445,4440,1729,4,18,Petrol,Manual
1328545,1582,4,45,1445,4440,1729,4,17,Diesel,Automatic
1287999,1591,4,45,1445,4440,1729,4,18,Petrol,Automatic
933182,1396,4,45,1445,4440,1729,4,19,Petrol,Manual
817867,1396,4,45,1445,4440,1729,4,19,Petrol,Manual
1178894,1591,4,45,1445,4440,1729,4,18,Petrol,Manual
1162875,1591,4,45,1445,4440,1729,4,18,Petrol,Automatic
1407871,1582,4,45,1445,4440,1729,4,17,Diesel,Automatic
999000,1497,4,42,1617,3995,1821,5,20,Diesel,AMT
863299,1461,4,50,1697,4498,1751,4,21,Diesel,Manual
964199,1461,4,50,1697,4498,1751,4,21,Diesel,Manual
1211599,1461,4,50,1697,4498,1751,4,20,Diesel,Manual
1211599,1461,4,50,1697,4498,1751,4,20,Diesel,Manual
1053899,1461,4,50,1697,4498,1751,4,21,Diesel,Manual
1130099,1461,4,50,1697,4498,1751,4,21,Diesel,Manual
964199,1461,4,50,1697,4498,1751,4,21,Diesel,Manual
876500,1598,4,55,1467,4390,1699,5,16,Petrol,Manual
999900,1598,4,55,1467,4390,1699,4,16,Petrol,Manual
999900,1598,4,55,1467,4390,1699,4,16,Petrol,Manual
1197500,1197,4,55,1467,4390,1699,4,18,Petrol,Automatic
1449500,1197,4,55,1467,4390,1699,4,18,Petrol,Automatic
958500,1498,4,55,1467,4390,1699,4,21,Diesel,Manual
999900,1498,4,55,1467,4390,1699,4,21,Diesel,Manual
1210500,1498,4,55,1467,4390,1699,4,21,Diesel,Manual
1336500,1498,4,55,1467,4390,1699,4,22,Diesel,Automatic
1317500,1498,4,55,1467,4390,1699,4,21,Diesel,Automatic
1449500,1498,4,45,1469,3971,1682,5,20,Diesel,Manual
1317500,1197,4,45,1469,3971,1682,5,17,Petrol,Automatic
952900,1497,4,42,1666,4453,1735,5,15,Petrol,Manual
1052900,1497,4,42,1666,4453,1735,5,15,Petrol,Manual
1167900,1497,4,42,1666,4453,1735,5,15,Petrol,Manual
1271900,1497,4,42,1666,4456,1735,5,15,Petrol,Manual
1285900,1497,4,42,1666,4456,1735,5,16,Petrol,Automatic
1187900,1498,4,42,1666,4453,1735,5,22,Diesel,Manual
1273900,1498,4,42,1666,4453,1735,5,22,Diesel,Manual
1382900,1498,4,42,1666,4456,1735,5,22,Diesel,Manual
959860,2498,4,60,1930,3920,1726,3,13,Diesel,Manual
999148,2498,4,60,1930,3920,1726,3,13,Diesel,Manual
974860,2498,4,60,1930,3920,1726,3,13,Diesel,Manual
999000,2596,4,63,2055,4342,1790,5,17,Diesel,Manual
1075000,2596,4,63,2055,3992,1790,3,17,Diesel,Manual
975000,2596,4,63,2055,4342,1790,5,17,Diesel,Manual
1225000,2596,4,63,2055,3992,1790,5,17,Diesel,Manual
984689,1462,4,45,1700,4445,1775,5,19,Petrol,Manual
1041189,1462,4,45,1700,4445,1775,5,19,Petrol,Manual
1094689,1462,4,45,1700,4445,1775,5,17,Petrol,Automatic
1151189,1462,4,45,1700,4445,1775,5,17,Petrol,Automatic
992748,2179,3,60,1812,4400,1835,5,18,Diesel,Manual
1029650,2179,3,60,1812,4400,1835,5,18,Diesel,Manual
1142157,2179,3,60,1812,4400,1835,5,18,Diesel,Manual
999900,1497,4,45,1774,4585,1866,5,17,Diesel,Manual
1156471,1497,4,45,1774,4585,1866,5,17,Diesel,Manual
1308592,1497,4,45,1774,4585,1866,5,17,Diesel,Manual
1468440,1497,4,45,1774,4585,1866,5,17,Diesel,Manual
999900,1497,4,45,1774,4585,1866,5,17,Diesel,Manual
1164569,1497,4,45,1774,4585,1866,5,17,Diesel,Manual
1316690,1497,4,45,1774,4585,1866,5,17,Diesel,Manual
1476538,1497,4,45,1774,4585,1866,5,17,Diesel,Manual
999994,2523,4,60,1930,4456,1820,5,15,Diesel,Manual
1236258,2179,4,80,1874,5118,1850,5,10,Diesel,Manual
1123158,2179,4,80,1874,5118,1850,5,14,Diesel,Manual
1220030,2179,4,60,1995,4456,1820,5,15,Diesel,Manual
1330006,2179,4,60,1995,4456,1820,5,15,Diesel,Manual
1360668,2179,4,60,1995,4456,1820,5,15,Diesel,Manual
1540081,2179,4,60,1995,4456,1820,5,15,Diesel,Manual
1663054,2179,4,60,1995,4456,1820,5,15,Diesel,Manual
1423710,2179,4,60,1995,4456,1820,5,15,Diesel,Manual
1425599,1498,4,55,1466,4413,1699,4,22,Diesel,Automatic
1269599,1598,4,55,1466,4413,1699,4,15,Petrol,Automatic
1299599,1498,4,55,1466,4413,1699,4,21,Diesel,Manual
1139599,1598,4,55,1466,4413,1699,4,15,Petrol,Manual
1610180,2179,4,70,1785,4585,1890,5,14,Petrol,Automatic
1418313,2179,4,70,1785,4585,1890,5,15,Diesel,Manual
1539488,2179,4,70,1785,4585,1890,5,16,Diesel,Automatic
1588943,2179,4,70,1785,4585,1890,5,16,Diesel,Manual
1710118,2179,4,70,1785,4585,1890,5,16,Diesel,Automatic
1716319,2179,4,70,1785,4585,1890,5,16,Diesel,Manual
1837586,2179,4,70,1785,4585,1890,5,16,Diesel,Automatic
1741319,2179,4,70,1785,4585,1890,5,16,Diesel,Manual
1862586,2179,4,70,1785,4585,1890,5,16,Diesel,Automatic
1610180,2179,4,70,1785,4585,1890,5,14,Petrol,Automatic
1418313,2179,4,70,1785,4585,1890,5,15,Diesel,Manual
1539488,2179,4,70,1785,4585,1890,5,16,Diesel,Automatic
1588943,2179,4,70,1785,4585,1890,5,16,Diesel,Manual
1710118,2179,4,70,1785,4585,1890,5,16,Diesel,Automatic
1716319,2179,4,70,1785,4585,1890,5,16,Diesel,Manual
1837586,2179,4,70,1785,4585,1890,5,16,Diesel,Automatic
1741319,2179,4,70,1785,4585,1890,5,16,Diesel,Manual
1862586,2179,4,70,1785,4585,1890,5,16,Diesel,Automatic
1852488,2179,4,70,1785,4585,1890,5,16,Diesel,Manual
1973664,2179,4,70,1785,4585,1890,5,16,Diesel,Automatic
1230924,2179,4,70,1785,4585,1890,5,16,Diesel,Manual
1639374,2179,4,60,1791,4788,1903,5,18,Diesel,Manual
1912593,2179,4,60,1791,4788,1903,5,18,Diesel,Automatic
1371864,2179,4,60,1791,4788,1903,5,18,Diesel,Manual
1531377,2179,4,60,1791,4788,1903,5,18,Diesel,Manual
1605000,2393,4,55,1795,4735,1830,5,15,Diesel,Manual
1927000,2393,4,55,1795,4735,1830,5,15,Diesel,Manual
1610000,2393,4,55,1795,4735,1830,5,15,Diesel,Manual
1932000,2393,4,55,1795,4735,1830,5,15,Diesel,Manual
2113000,2393,4,55,1795,4735,1830,5,15,Diesel,Manual
1620000,2694,4,55,1795,4735,1830,5,11,Petrol,Automatic
1615000,2694,4,55,1795,4735,1830,5,11,Petrol,Automatic
2103000,2393,4,55,1795,4735,1830,5,11,Petrol,Automatic
1807000,2393,4,55,1795,4735,1830,5,11,Petrol,Manual
1493000,2755,4,55,1795,4735,1830,5,11,Petrol,Manual
1498000,2755,4,55,1795,4735,1830,5,11,Petrol,Manual
2097000,2393,4,55,1795,4735,1830,5,15,Diesel,Manual
1892000,2393,4,55,1795,4735,1830,5,11,Petrol,Manual
2171000,2694,4,55,1795,4735,1830,5,11,Petrol,Automatic
1592000,2393,4,55,1795,4735,1830,5,15,Diesel,Manual
1587000,2393,4,55,1795,4735,1830,5,15,Diesel,Manual
1996000,1368,6,60,1640,4395,1818,5,16,Petrol,Automatic
1560000,1368,6,60,1640,4395,1818,5,16,Petrol,Manual
2055000,1368,6,60,1640,4395,1818,5,14,Petrol,Automatic
1661000,1956,6,60,1640,4395,1818,5,17,Diesel,Manual
1803000,1956,6,60,1640,4395,1818,5,17,Diesel,Manual
1888000,1956,6,60,1640,4395,1818,5,17,Diesel,Manual
1973000,1956,6,60,1640,4395,1818,5,17,Diesel,Manual
2022000,1956,6,60,1640,4395,1818,5,17,Diesel,Manual
2151000,1956,6,60,1640,4395,1818,5,16,Diesel,Manual
2199000,1956,6,60,1640,4395,1818,5,16,Diesel,Manual
2167000,1368,6,60,1640,4395,1818,5,16,Petrol,Automatic
2133000,1956,6,60,1640,4395,1818,5,17,Diesel,Manual
2311000,1956,6,60,1640,4395,1818,5,16,Diesel,Manual
1699000,1956,6,60,1640,4395,1818,5,17,Diesel,Manual
1599000,1368,6,60,1640,4395,1818,5,16,Petrol,Manual
1900000,1368,6,60,1640,4395,1818,5,14,Petrol,Automatic
2070000,1368,6,60,1640,4395,1818,5,16,Petrol,Automatic
2036300,1956,6,60,1640,4395,1818,5,17,Diesel,Manual
2214000,1956,6,60,1640,4395,1818,5,16,Diesel,Manual
2499000,1956,6,60,1640,4395,1818,5,17,Diesel,Automatic
2196000,1956,6,60,1640,4395,1818,5,17,Diesel,Automatic
1645000,1798,4,55,1475,4620,1775,4,17,Petrol,Manual
1806000,1798,4,55,1475,4620,1775,4,17,Petrol,Automatic
1882000,1798,4,55,1475,4620,1775,4,17,Petrol,Manual
1936000,1364,4,43,1475,4620,1775,4,21,Diesel,Manual
1771000,1364,4,43,1475,4620,1775,4,21,Diesel,Manual
2019000,1798,4,55,1475,4620,1775,4,17,Petrol,Automatic
1793900,1799,4,47,1433,4656,1799,4,17,Petrol,Automatic
1944900,1799,4,47,1433,4656,1799,4,17,Petrol,Automatic
2124900,1799,4,47,1433,4656,1799,4,17,Petrol,Automatic
2054900,1597,4,47,1433,4656,1799,4,27,Diesel,Manual
2234900,1597,4,47,1433,4656,1799,4,27,Diesel,Manual
2599599,1798,4,66,1483,4861,1864,4,14,Petrol,Manual
2779599,1798,4,66,1483,4861,1864,4,15,Petrol,Automatic
3099599,1798,4,66,1483,4861,1864,4,14,Petrol,Automatic
3349599,1968,4,66,1483,4861,1864,4,18,Diesel,Automatic
3029599,1968,4,66,1483,4861,1864,4,18,Diesel,Automatic
2599599,1798,4,66,1483,4861,1864,4,15,Petrol,Automatic
2849599,1968,4,66,1483,4861,1864,4,18,Diesel,Automatic
2769000,1984,5,60,1420,4369,2041,5,17,Diesel,Automatic
3191000,1984,5,60,1420,4369,2041,5,17,Diesel,Automatic
3205000,2755,4,80,1835,4795,1855,5,13,Diesel,Automatic
3019000,2755,4,80,1835,4795,1855,5,14,Diesel,Manual
3216000,2755,4,80,1835,4795,1855,5,14,Diesel,Manual
3395000,2755,4,80,1835,4795,1855,5,13,Diesel,Automatic
2977000,2694,4,80,1835,4795,1855,5,10,Petrol,Automatic
2818000,2694,4,80,1835,4795,1855,5,10,Petrol,Manual
3420000,2755,4,80,1835,4795,1855,5,13,Diesel,Automatic
3470000,3198,5,80,1837,4903,1869,5,11,Diesel,Automatic
3233000,2198,4,80,1837,4903,1869,5,13,Diesel,Automatic
2920000,2198,4,80,1837,4903,1869,5,13,Diesel,Manual
2990000,1496,3,44,1414,3821,1727,3,21,Diesel,Automatic
3420000,1998,4,44,1414,3850,1727,3,16,Petrol,Automatic
3399000,1968,4,63,1665,4697,1882,5,16,Diesel,Automatic
3520000,1995,4,51,1612,4439,2060,5,21,Diesel,Automatic
3930000,1995,4,51,1612,4439,2058,5,21,Diesel,Automatic
4570000,1995,4,51,1612,4439,2058,5,21,Diesel,Automatic
4240000,1995,4,61,1545,4477,2058,5,17,Diesel,Automatic
3830000,1998,4,51,1612,4439,1821,5,16,Petrol,Automatic
3850500,1984,5,68,1484,4635,1865,4,22,Diesel,Automatic
4140000,1995,4,40,1429,4633,1811,5,20,Diesel,Automatic
4690000,1995,4,40,1429,4633,1811,5,20,Diesel,Automatic
4790000,1998,4,59,1429,4633,1811,5,16,Petrol,Automatic
4426500,2400,5,67,1539,4637,2097,4,20,Diesel,Automatic
5021200,1968,4,64,1608,4388,1831,5,17,Diesel,Automatic
5621200,1968,4,64,1608,4388,1831,5,16,Diesel,Automatic
5021200,1984,6,70,1659,4663,1898,5,12,Petrol,Automatic
5621200,1984,6,70,1659,4663,1898,5,12,Petrol,Automatic
5861062,1991,4,80,1494,5063,1860,4,12,Petrol,Automatic
7285332,2987,6,80,1494,5063,1860,4,142,Diesel,Automatic
5964321,2987,6,80,1494,5063,1860,4,142,Diesel,Automatic
15000000,5461,8,80,1474,4879,1854,4,9,Petrol,Automatic
5750000,1991,4,80,1494,5063,1860,4,12,Petrol,Automatic
6150000,1991,4,80,1494,5063,1860,4,12,Petrol,Automatic
5850000,2987,6,80,1494,5063,1860,4,142,Diesel,Automatic
6250000,2987,6,80,1494,5063,1860,4,142,Diesel,Automatic
5990000,1969,5,70,1658,4688,1902,5,19,Diesel,Automatic
6060000,1995,4,60,1621,4752,1918,5,16,Diesel,Automatic
6590000,2993,6,68,1621,4752,1918,5,16,Diesel,Automatic
6350000,1998,6,68,1621,4752,1918,5,13,Petrol,Automatic
6394000,1999,4,85,1838,4882,1877,5,8,Petrol,Automatic
6490000,1998,4,52,1304,4324,2024,2,8,Petrol,Automatic
7890000,2998,6,52,1304,4324,1459,2,8,Petrol,Automatic
7221500,2967,6,75,1740,5052,1968,5,15,Diesel,Automatic
8021500,2967,6,75,1740,5052,1968,5,15,Diesel,Automatic
6921500,1984,6,75,1740,5052,1968,5,12,Petrol,Automatic
8111500,2967,6,75,1740,5052,1968,5,15,Diesel,Automatic
7246802,1997,4,65,1665,4797,2145,5,13,Petrol,Automatic
7500000,1950,6,80,1475,4933,1852,4,12,Diesel,Automatic
8790000,1969,4,68,1776,4950,2140,5,17,Diesel,Automatic
8090000,1969,4,68,1776,4950,2140,5,17,Diesel,Automatic
9665000,1969,4,68,1776,4950,2140,5,17,Hybrid,Automatic
8491500,1969,4,68,1776,4950,2140,5,17,Diesel,Automatic
14908985,4367,8,105,1803,4879,2220,5,12,Diesel,Automatic
9738609,2993,6,82,1457,5252,1899,4,13,Diesel,Automatic
10725145,2993,6,83,1457,5252,1899,4,13,Diesel,Automatic
11129599,2993,6,82,1460,5255,1899,4,13,Diesel,Automatic
15806000,2995,6,75,1696,4918,1983,5,3,Hybrid,Automatic
19210000,3996,6,90,1673,4926,1983,5,16,Petrol,Automatic
14699000,4461,8,93,1910,4950,1980,5,9,Diesel,Automatic
17072000,3993,8,75,1419,5012,1911,4,10,Petrol,Automatic
26037526,4999,8,105,1877,4999,2034,5,10,Petrol,Automatic
32522000,4999,8,105,1827,4999,2220,5,10,Petrol,Automatic
19527130,2995,6,85,1840,5199,2220,5,12,Petrol,Automatic
40499548,4999,8,65,1835,4999,2220,4,10,Petrol,Automatic
21398758,2995,6,85,1840,5199,2220,5,12,Petrol,Automatic
19865675,4691,8,75,1353,4881,2056,2,10,Petrol,Automatic
21583466,3982,8,75,1288,4546,1939,2,8,Petrol,Automatic
23264134,3982,8,75,1284,4551,2007,2,8,Petrol,Automatic
22733626,3982,8,75,1259,4544,1939,2,8,Petrol,Automatic
37133704,5204,10,90,1165,4459,1924,2,11,Petrol,Automatic
32452486,5204,10,90,1165,4459,1924,2,11,Petrol,Automatic
35150732,5204,10,90,1165,4459,1924,2,8,Petrol,Automatic
37614126,5204,10,90,1165,4459,1924,2,11,Petrol,Automatic
35535000,5204,10,90,1165,4459,1924,2,11,Petrol,Automatic
40742932,5204,10,90,1165,4459,1924,2,11,Petrol,Automatic
37300000,5204,10,90,1165,4459,1924,2,11,Petrol,Automatic
32200000,5204,10,90,1165,4520,1933,2,11,Petrol,Automatic
36761413,3902,8,78,1213,4568,1952,2,6,Petrol,Automatic
39319552,3902,8,78,1213,4568,1952,2,6,Petrol,Automatic
42000000,3900,8,91,1383,4922,1980,2,6,Petrol,Automatic
52000000,6262,8,91,1383,4922,1980,2,6,Petrol,Automatic
47893943,6498,12,90,1136,4780,2030,2,5,Petrol,Automatic
53210327,6498,12,90,1136,4780,2030,2,9,Petrol,Automatic
47467700,6498,12,90,1136,4797,2030,2,5,Petrol,Automatic
59216193,6598,12,80,1502,5285,1947,2,8,Petrol,Automatic
83755383,6749,12,100,1638,5842,1990,2,10,Petrol,Automatic
282778,796,3,35,1640,3370,1410,5,17,Petrol,Manual
284485,796,3,36,1640,3370,1410,5,17,Petrol,Manual
412292,1198,3,35,1507,3995,1635,5,21,Petrol,Manual
552656,1198,3,35,1507,3995,1635,5,21,Petrol,Manual
574448,1198,3,35,1507,3995,1635,5,21,Petrol,Manual
555196,1198,3,35,1507,3995,1635,5,21,Petrol,Manual
500575,1198,3,35,1507,3995,1635,5,21,Petrol,Manual
593361,1198,3,35,1507,3995,1635,5,21,Petrol,Manual
615153,1198,3,35,1507,3995,1635,5,21,Petrol,Manual
658361,1198,3,35,1507,3995,1635,5,21,Petrol,Manual
680153,1198,3,35,1507,3995,1635,5,21,Petrol,Manual
482330,1172,4,45,1525,3987,1687,5,15,Petrol,Manual
575947,1248,4,45,1525,3989,1687,5,20,Diesel,Manual
523000,1194,4,42,1525,3941,1704,5,20,Petrol,Manual
623000,1498,4,40,1525,3941,1704,5,26,Diesel,Manual
599900,1196,4,42,1525,3941,1704,5,20,Petrol,Manual
699900,1498,4,40,1525,3941,1704,5,26,Diesel,Manual
664900,1194,4,42,1525,3941,1704,5,20,Petrol,Manual
764900,1498,4,40,1525,3941,1704,5,26,Diesel,Manual
746621,1248,4,37,1510,3995,1745,5,27,Diesel,Manual
868221,1248,4,37,1500,3995,1745,5,27,Diesel,Manual
668611,1248,4,37,1500,3995,1745,5,27,Diesel,Manual
807921,1248,4,37,1500,3995,1745,5,27,Diesel,Manual
758212,1197,4,37,1510,3995,1745,5,21,Petrol,Manual
890212,1197,4,37,1510,3995,1745,5,21,Petrol,Automatic
636612,1197,4,37,1510,3995,1745,5,21,Petrol,Manual
768612,1197,4,37,1510,3995,1745,5,21,Petrol,Automatic
558602,1197,4,37,1510,3995,1745,5,21,Petrol,Manual
697912,1197,4,37,1510,3995,1745,5,21,Petrol,Manual
733412,1197,4,37,1510,3995,1745,5,21,Petrol,Manual
789912,1197,4,37,1510,3995,1745,5,21,Petrol,Manual
829912,1197,4,37,1510,3995,1745,5,21,Petrol,Automatic
586428,1197,4,43,1520,3765,1660,5,19,Petrol,Manual
620637,1197,4,43,1520,3765,1660,5,20,Petrol,Manual
652328,1197,4,43,1520,3765,1660,5,17,Petrol,Automatic
705538,1197,4,43,1520,3765,1660,5,17,Petrol,Automatic
640537,1197,4,43,1520,3765,1660,5,20,Petrol,Manual
751203,1248,4,45,1487,4560,1730,4,20,Diesel,Manual
646336,1368,4,45,1487,4560,1730,4,15,Petrol,Manual
808558,1248,4,45,1487,4560,1730,4,20,Diesel,Manual
707025,1498,4,41,1515,4455,1695,4,17,Petrol,Manual
836461,1498,4,41,1515,4455,1695,4,17,Petrol,Manual
912534,1461,4,41,1515,4455,1695,4,23,Diesel,Manual
993997,1461,4,41,1515,4455,1695,4,23,Diesel,Manual
860997,1461,4,41,1515,4455,1695,4,23,Diesel,Manual
993997,1498,4,41,1515,4455,1695,4,18,Petrol,Automatic
877285,1461,4,41,1515,4455,1695,4,23,Diesel,Manual
759000,1462,4,45,1690,4395,1735,5,19,Petrol,Manual
917000,1462,4,45,1685,4265,1695,5,19,Petrol,Manual
936000,1462,4,45,1690,4395,1735,5,19,Petrol,Automatic
971000,1462,4,45,1690,4395,1735,5,19,Petrol,Manual
834000,1462,4,45,1685,4265,1695,5,19,Petrol,Manual
1013000,1462,4,45,1685,4265,1695,5,19,Petrol,Automatic
986689,1498,4,45,1690,4395,1735,5,24,Diesel,Manual
1069689,1498,4,45,1690,4395,1735,5,24,Diesel,Manual
1120689,1498,4,45,1690,4395,1735,5,24,Diesel,Manual
887689,1462,4,45,1685,4265,1695,5,19,CNG + Petrol,Manual
788913,998,3,37,1510,3995,1745,5,21,Petrol,Manual
925000,1199,4,40,1601,3999,1734,5,18,Petrol,Manual
925000,1498,4,40,1601,3999,1734,5,26,Diesel,Manual
815000,1199,4,40,1601,3999,1734,5,18,Petrol,Manual
916050,1498,4,40,1601,3999,1734,5,26,Diesel,Manual
808050,1199,4,40,1601,3999,1734,5,18,Petrol,Manual
935050,1199,4,40,1601,3999,1734,5,18,Petrol,Manual
854328,1493,3,60,1817,3995,1835,5,18,Diesel,Manual
914328,1493,3,60,1817,3995,1835,5,18,Diesel,Manual
976592,1493,3,60,1817,3995,1835,5,18,Diesel,Manual
999614,1493,3,60,1839,3995,1835,5,18,Diesel,Manual
1031943,1493,3,60,1839,3995,1835,5,18,Diesel,Manual
1022930,1493,3,60,1839,3995,1835,5,18,Diesel,Manual
1055259,1493,3,60,1839,3995,1835,5,18,Diesel,Manual
880689,1248,4,48,1595,4300,1785,5,24,Diesel,Manual
992689,1248,4,48,1595,4300,1785,5,24,Diesel,Manual
1043689,1248,4,48,1595,4300,1785,5,24,Diesel,Manual
1143689,1248,4,48,1595,4300,1785,5,24,Diesel,Manual
949999,1498,4,50,1619,4329,1813,5,14,Petrol,Manual
1049999,1461,4,50,1619,4329,1813,5,20,Diesel,Manual
1299999,1461,4,50,1619,4329,1813,5,20,Diesel,Manual
1199999,1498,4,50,1619,4329,1813,5,14,Petrol,Manual
963037,2489,4,55,1895,4520,1850,5,14,Diesel,Manual
1004487,2489,4,55,1895,4520,1850,5,14,Diesel,Manual
1031951,2179,4,55,1895,4520,1850,5,14,Diesel,Manual
1066139,2179,4,55,1895,4520,1850,5,14,Diesel,Manual
1228335,2179,4,55,1895,4520,1850,5,14,Diesel,Manual
989000,1497,4,60,1645,4315,1800,5,17,Petrol,Manual
1379000,1353,4,50,1645,4315,1800,5,16,Petrol,Manual
1529000,1353,4,50,1645,4315,1800,5,16,Petrol,Manual
1629000,1353,4,50,1645,4315,1800,5,17,Petrol,DCT
1629000,1353,4,50,1645,4315,1800,5,16,Petrol,Manual
999900,1461,4,50,1671,4331,1822,5,20,Diesel,Manual
1464900,1461,4,50,1671,4331,1822,5,19,Diesel,Automatic
999900,1598,4,50,1671,4331,1822,5,13,Petrol,Manual
1235700,1461,4,50,1671,4331,1822,5,20,Diesel,Manual
1419900,1461,4,50,1671,4331,1822,5,19,Diesel,Manual
1235700,1461,4,50,1671,4331,1822,5,20,Diesel,Manual
1109005,2179,4,63,1922,4655,1855,5,14,Diesel,Manual
1335158,2179,4,63,1922,4655,1965,5,14,Diesel,Manual
1479574,2179,4,63,1922,4655,1965,5,14,Diesel,Manual
1643829,2179,4,63,1922,4655,1965,5,14,Diesel,Manual
1589000,1999,4,50,1465,4620,1800,4,15,Petrol,Manual
1849000,1999,4,50,1465,4620,1800,4,15,Petrol,Manual
1949000,1999,4,50,1465,4620,1800,4,15,Petrol,AMT
2039000,1999,4,50,1465,4620,1800,4,15,Petrol,AMT
2079717,1995,4,62,1660,4475,1850,5,18,Diesel,Manual
1876656,1999,4,62,1660,4475,1850,5,13,Petrol,Manual
2364354,1995,4,62,1660,4475,1850,5,16,Diesel,Automatic
2187384,1999,4,62,1660,4475,1850,5,13,Petrol,Automatic
2697417,1995,4,62,1660,4475,1850,5,16,Diesel,Automatic
2373522,1999,4,62,1660,4475,1850,5,13,Petrol,Automatic
2246749,1999,4,62,1660,4475,1850,5,13,Petrol,Automatic
2423720,1995,4,62,1660,4475,1850,5,16,Diesel,Automatic
3021500,1968,4,55,1456,4767,1832,4,17,Diesel,Automatic
3321500,1968,4,66,1456,4767,1832,4,17,Diesel,Automatic
2599000,1968,4,55,1456,4767,1832,4,17,Diesel,Automatic
2899000,1968,4,66,1456,4767,1832,4,17,Diesel,Automatic
2785288,1595,4,50,1433,4292,1780,5,16,Petrol,Automatic
2886871,2143,4,50,1433,4292,2022,5,16,Diesel,Automatic
3283000,1984,5,60,1458,4370,1783,5,17,Diesel,Automatic
2962000,1596,4,50,1470,4370,1857,5,16,Petrol,Automatic
3490000,1998,4,47,1557,4299,1822,5,14,Petrol,Automatic
3740000,1998,4,47,1557,4299,1822,5,19,Diesel,Automatic
4140000,1998,4,47,1557,4299,1822,5,14,Petrol,Automatic
4240000,1998,4,47,1557,4299,1822,5,14,Petrol,Automatic
4020000,1950,4,66,1442,4686,1810,4,12,Diesel,Automatic
4670000,1950,4,66,1442,4686,1810,4,12,Diesel,Automatic
4974750,1950,4,66,1442,4686,1810,4,16,Diesel,Automatic
7500000,3982,8,66,1426,4756,1839,4,1449,Petrol,Automatic
4090000,1497,4,66,1442,4686,1810,4,12,Petrol,Automatic
4654000,1497,4,66,1442,4686,1810,4,12,Petrol,Automatic
4509000,1798,4,43,1490,4540,1760,4,24,Hybrid,Automatic
6060000,2494,6,56,1645,5,2,4,18,Petrol,Automatic
5990000,2494,6,56,1645,4640,1845,4,18,Petrol,Automatic
6463780,1999,4,60,1651,4731,2175,5,16,Diesel,Automatic
6422809,1997,4,60,1651,4731,2175,5,21,Petrol,Automatic
6531000,1969,4,60,1543,4950,2052,5,17,Diesel,Automatic
6948200,1968,4,58,1386,4733,1843,2,17,Diesel,Automatic
10490000,2998,6,80,1805,5151,2000,5,13,Petrol,Automatic
10250000,2993,6,80,1805,5151,2000,5,13,Diesel,Automatic
13590000,2979,6,60,1383,4671,1870,2,11,Petrol,Automatic
17420000,2981,6,64,1300,4519,1852,2,9,Petrol,Automatic
18844000,2981,6,64,1299,4519,1852,2,9,Petrol,Automatic
21240272,3799,6,74,1370,4710,1895,2,9,Petrol,Automatic
29500000,3982,8,73,1273,4465,2153,2,8,Petrol,Automatic
38845823,5935,12,91,1360,5019,1929,4,13,Petrol,Automatic
52000000,6496,12,92,1276,4657,1971,2,15,Petrol,Automatic
354235,796,3,35,1475,3430,1490,5,24,Petrol,Manual
356559,796,3,35,1475,3395,1490,5,25,Petrol,Manual
675090,1186,3,37,1520,3805,1680,5,21,Diesel,Manual
504990,1197,4,37,1520,3805,1680,5,21,Petrol,Manual
589610,1197,4,37,1520,3805,1680,5,21,Petrol,Manual
642610,1197,4,37,1520,3805,1680,5,21,Petrol,Automatic
643350,1197,4,37,1520,3805,1680,5,21,Petrol,Manual
703350,1197,4,37,1520,3805,1680,5,21,Petrol,Automatic
673350,1197,4,37,1520,3805,1680,5,21,Petrol,Manual
718950,1197,4,37,1520,3805,1680,5,21,Petrol,Manual
790350,1186,3,37,1520,3805,1680,5,21,Diesel,Automatic
804450,1186,3,37,1520,3805,1680,5,21,Diesel,Manual
643769,1197,4,43,1520,3995,1660,4,20,Petrol,Manual
733734,1197,4,43,1520,3995,1660,4,17,Petrol,Automatic
705546,1197,4,43,1520,3995,1660,4,20,Petrol,Manual
798558,1120,3,43,1520,3995,1660,4,25,Diesel,Manual
875358,1120,3,43,1520,3995,1660,4,25,Diesel,Manual
662880,1198,3,41,1530,3825,1665,5,19,Petrol,Automatic
781686,1198,3,41,1530,3825,1665,5,19,Petrol,Automatic
743504,1461,4,41,1525,3825,1665,5,23,Diesel,Manual
812964,1461,4,41,1525,3825,1665,5,23,Diesel,Manual
942263,2523,4,60,1880,4107,1745,5,16,Diesel,Manual
917055,2523,4,60,1880,4107,1745,5,16,Diesel,Manual
860720,2523,4,60,1880,4107,1745,5,16,Diesel,Manual
815883,2523,4,60,1910,4221,1745,5,16,Diesel,Manual
773678,2523,4,60,1910,4221,1745,5,16,Diesel,Manual
1102689,1248,4,43,1485,4490,1730,4,28,Diesel,Manual
919689,1248,4,43,1485,4490,1730,4,28,Diesel,Manual
980689,1248,4,43,1485,4490,1730,4,28,Diesel,Manual
1062689,1248,4,43,1485,4490,1730,4,28,Diesel,Manual
819689,1462,4,43,1485,4490,1730,4,22,Petrol,Manual
881689,1462,4,43,1485,4490,1730,4,22,Petrol,Manual
958689,1462,4,43,1485,4490,1730,4,22,Petrol,Manual
997689,1462,4,43,1485,4490,1730,4,22,Petrol,Manual
980689,1462,4,43,1485,4490,1730,4,20,Petrol,Automatic
1058688,1462,4,43,1485,4490,1730,4,20,Petrol,Automatic
1098689,1462,4,43,1485,4490,1730,4,20,Petrol,Automatic
1138189,1498,4,43,1485,4490,1730,4,27,Diesel,Manual
997689,1498,4,43,1485,4490,1730,4,26,Diesel,Manual
1109189,1498,4,43,1485,4490,1730,4,26,Diesel,Manual
998599,1598,4,55,1466,4413,1699,4,15,Petrol,Manual
1006139,1498,4,55,1466,4413,1699,4,21,Diesel,Manual
881916,1598,4,55,1466,4413,1699,4,15,Petrol,Manual
1129599,1498,4,55,1466,4413,1699,4,21,Diesel,Manual
1249599,1498,4,55,1466,4413,1699,4,22,Diesel,Automatic
1243599,1598,4,55,1466,4413,1699,4,15,Petrol,Automatic
1399599,1498,4,55,1466,4413,1699,4,22,Diesel,Automatic
1273599,1498,4,55,1466,4413,1699,4,21,Diesel,Manual
1115599,1598,4,55,1466,4413,1699,4,15,Petrol,Manual
999599,1598,4,55,1466,4413,1699,4,15,Petrol,Automatic
975599,1598,4,55,1466,4413,1699,4,15,Petrol,Manual
1099599,1598,4,55,1466,4413,1699,4,15,Petrol,Automatic
1158599,1498,4,55,1466,4413,1699,4,21,Diesel,Manual
1273599,1498,4,55,1466,4413,1699,4,22,Diesel,Automatic
999990,1396,4,55,1630,4270,1780,5,21,Diesel,Manual
999990,1591,4,55,1630,4270,1780,5,15,Petrol,Manual
1232534,1591,4,55,1630,4270,1780,5,15,Petrol,Manual
1394437,1591,4,55,1630,4270,1780,5,15,Petrol,Manual
1377363,1591,4,55,1630,4270,1780,5,15,Petrol,Automatic
1287041,1591,4,55,1630,4270,1780,5,15,Petrol,Automatic
1197919,1396,4,55,1630,4270,1780,5,21,Diesel,Manual
1366797,1582,4,55,1630,4270,1780,5,20,Diesel,Manual
1543564,1582,4,55,1630,4270,1780,5,20,Diesel,Manual
1527395,1582,4,55,1630,4270,1780,5,17,Diesel,Automatic
1421208,1582,4,55,1630,4270,1780,5,20,Diesel,Manual
1336033,1582,4,55,1630,4270,1780,5,17,Diesel,Automatic
1422937,1591,4,55,1630,4270,1780,5,15,Petrol,Manual
1572064,1582,4,55,1630,4270,1780,5,20,Diesel,Manual
1107167,1396,4,55,1630,4270,1780,5,21,Diesel,Manual
1092192,1591,4,55,1630,4270,1780,5,15,Petrol,Manual
1279983,1591,4,55,1630,4270,1780,5,15,Petrol,Manual
1414247,1582,4,55,1665,4270,1780,5,20,Diesel,Manual
1345363,1956,3,50,1706,4598,1894,5,17,Diesel,Manual
1471368,1956,3,50,1706,4598,1894,5,17,Diesel,Manual
1591368,1956,3,50,1706,4598,1894,5,17,Diesel,Manual
1721368,1956,3,50,1706,4598,1894,5,17,Diesel,Manual
1732231,1956,3,50,1706,4598,1894,5,17,Diesel,Manual
1730755,1956,3,50,1706,4598,1894,5,17,Diesel,Manual
2693000,2360,4,60,1710,4695,1810,5,10,Petrol,Automatic
3438000,1991,4,50,1494,4424,1804,5,14,Petrol,Automatic
3233000,2143,4,70,1494,4424,1804,5,18,Diesel,Automatic
3564000,2143,4,70,1494,4424,1804,5,18,Diesel,Automatic
7784944,1991,4,50,1479,4445,1804,5,14,Petrol,Automatic
3864000,2143,4,70,1494,4424,1804,5,18,Diesel,Automatic
8067000,1991,4,50,1479,4445,1804,5,14,Petrol,Automatic
4321237,1993,4,60,1464,4933,1849,4,23,Hybrid,Automatic
5930000,1995,4,70,1464,4907,1860,4,18,Diesel,Automatic
6680000,2993,6,70,1464,4907,1860,4,15,Diesel,Automatic
5980000,1998,6,70,1464,4907,1860,4,15,Petrol,Automatic
6890000,2993,6,88,1481,5219,2142,4,16,Diesel,Automatic
7450000,2993,6,88,1481,5219,2142,4,16,Diesel,Automatic
6440000,4395,8,70,1369,4894,1894,2,8,Petrol,Automatic
6440000,1995,4,66,1538,5091,1902,4,22,Diesel,Automatic
6998000,1984,6,65,1624,4696,1923,5,11,Petrol,Automatic
22155390,5000,6,72,1308,4470,2042,2,14,Petrol,Automatic
26501830,5000,8,70,1311,4475,2042,2,12,Petrol,Automatic
28004965,5000,8,70,1311,4475,2042,2,12,Petrol,Automatic
9092578,1997,6,63,1311,4482,1923,2,15,Petrol,Automatic
10419200,1997,8,63,1308,4482,1923,2,11,Petrol,Automatic
9366433,1997,4,63,1311,4482,1923,2,11,Petrol,Automatic
15490000,4395,8,68,1473,4956,1903,4,10,Petrol,Automatic
43367500,3902,8,86,1211,4568,1952,2,6,Petrol,Automatic
479000,998,3,32,1675,3655,1620,5,23,Petrol,Manual
526000,998,3,32,1675,3655,1620,5,23,Petrol,Automatic
548000,1197,3,32,1620,3655,1675,5,22,Petrol,Manual
434000,998,3,32,1675,3655,1620,5,23,Petrol,Manual
513501,1197,3,32,1675,3655,1620,5,22,Petrol,Manual
560500,1197,3,32,1675,3655,1620,5,22,Petrol,Automatic
594800,1197,3,32,1675,3655,1620,5,22,Petrol,Automatic
441000,998,3,32,1675,3655,1620,5,23,Petrol,Manual
486001,998,3,32,1675,3655,1620,5,23,Petrol,Manual
520500,1197,3,32,1675,3655,1620,5,22,Petrol,Manual
567500,1197,3,32,1675,3655,1620,5,22,Petrol,Automatic
533000,998,3,32,1675,3655,1620,5,23,Petrol,Automatic
594993,1199,3,35,1587,3793,1665,5,24,Petrol,Manual
689993,1047,3,35,1587,3793,1665,5,27,Diesel,Manual
639993,1199,3,35,1587,3793,1665,5,24,Petrol,AMT
797802,1493,3,60,1870,3985,1850,5,17,Diesel,Manual
905642,1493,3,60,1870,3985,1850,5,17,Diesel,Manual
984818,1493,3,60,1870,3985,1850,5,17,Diesel,Manual
972359,1493,3,60,1870,3985,1850,5,16,Diesel,Automatic
1048603,1493,3,60,1870,3985,1850,5,16,Diesel,Automatic
955000,1498,4,50,1651,4384,1813,5,14,Petrol,Manual
1095000,1498,4,50,1651,4384,1813,5,14,Petrol,Manual
1109000,1461,4,50,1651,4384,1813,5,20,Diesel,Manual
1251000,1461,4,50,1651,4384,1813,5,20,Diesel,Manual
1369000,1461,4,50,1651,4384,1813,5,20,Diesel,Manual
1465000,1461,4,50,1651,4384,1813,5,20,Diesel,Manual
1465000,1461,4,50,1651,4384,1813,5,20,Diesel,Manual
989000,1461,4,50,1651,4384,1813,5,20,Diesel,Manual
3788000,2487,4,50,1455,4885,1840,4,23,Hybrid,Automatic
10205494,2993,6,85,1846,4988,2200,5,18,Diesel,Automatic
9689321,2993,6,85,1846,4988,2200,5,18,Diesel,Automatic
8433741,2995,6,89,1846,4988,2200,5,9,Petrol,Automatic
8077550,2995,6,89,1846,4988,2200,5,9,Petrol,Automatic
8877094,2993,6,85,1846,4988,2200,5,18,Diesel,Automatic
7693664,2995,6,89,1846,4988,2200,5,9,Petrol,Automatic
10861088,2993,6,85,1846,4988,2200,5,18,Diesel,Automatic
8937846,2995,6,89,1846,4988,2200,5,9,Petrol,Automatic
18221000,3456,6,82,1450,5235,1900,4,15,Hybrid,Automatic
18736000,3456,6,82,1450,5235,1900,4,15,Hybrid,Automatic
19371000,3456,6,82,1450,5235,1900,4,15,Hybrid,Automatic
95000000,6749,12,100,1638,5842,1990,4,23,Petrol,Automatic
75400000,6749,12,100,1640,6092,1990,4,23,Petrol,Automatic
535562,1172,4,45,1525,3989,1687,5,16,Petrol,Manual
631292,1172,4,45,1525,3989,1687,5,21,Diesel,Manual
692655,1248,4,45,1525,3989,1687,5,20,Diesel,Manual
747774,1248,4,45,1525,3989,1687,5,21,Diesel,Manual
940000,1496,4,42,1495,4425,1730,4,17,Petrol,Manual
1055000,1496,4,42,1495,4425,1730,4,17,Petrol,Manual
1174000,1498,4,42,1495,4425,1730,4,17,Petrol,Manual
1418000,1496,4,42,1495,4425,1730,4,18,Petrol,Automatic
1175000,1496,4,42,1495,4425,1730,4,18,Petrol,Automatic
1010000,1496,4,42,1495,4425,1730,4,18,Petrol,Automatic
1294000,1496,4,42,1495,4425,1730,4,18,Petrol,Automatic
1296000,1496,4,42,1495,4425,1730,4,17,Petrol,Manual
1197000,1498,4,42,1495,4425,1730,4,17,Petrol,Manual
876000,1496,4,42,1495,4425,1730,4,17,Petrol,Manual
974000,1496,4,42,1495,4425,1730,4,17,Petrol,Manual
935000,1496,4,42,1495,4425,1730,4,17,Petrol,Automatic
1083000,1496,4,42,1495,4425,1730,4,17,Petrol,Automatic
1317000,1498,4,42,1495,4425,1730,4,17,Petrol,Automatic
1599599,1395,4,50,1476,4670,1814,4,17,Petrol,Manual
1799599,1968,4,50,1476,4670,1814,4,21,Diesel,Manual
1899599,1395,4,50,1476,4670,1814,4,17,Petrol,Manual
2059599,1798,4,50,1476,4670,1814,4,15,Petrol,Automatic
2079599,1968,4,50,1476,4670,1814,4,21,Diesel,Manual
2299599,1968,4,50,1476,4670,1814,4,20,Diesel,Automatic
2359599,1798,4,50,1476,4670,1814,4,15,Petrol,Automatic
2359599,1968,4,50,1476,4670,1814,4,20,Diesel,Automatic
1549000,1395,4,50,1476,4670,1814,4,17,Petrol,Manual
1699000,1968,4,50,1476,4670,1814,4,21,Diesel,Manual
1999599,1798,4,50,1476,4670,1814,4,15,Petrol,Automatic
2199599,1968,4,50,1476,4670,1814,4,20,Diesel,Automatic
5275000,1991,4,66,1644,4658,1890,5,14,Petrol,Automatic
5775000,1950,4,50,1644,4658,1890,5,18,Diesel,Automatic
748370,1461,4,50,1540,4277,1740,4,21,Diesel,Manual
772617,1461,4,50,1540,4277,1740,4,21,Diesel,Manual
845154,1461,4,50,1540,4277,1740,4,21,Diesel,Manual
2903750,2477,4,70,1840,4695,1815,5,11,Diesel,Manual
2835500,2477,4,70,1840,4695,1815,5,11,Diesel,Automatic
2953240,2477,4,70,1840,4695,1815,5,11,Diesel,Manual
2992800,2477,4,70,1840,4695,1815,5,11,Diesel,Manual
2952500,2477,4,70,1840,4695,1815,5,11,Diesel,Automatic
34167064,3993,8,90,1488,5299,2207,4,4,Petrol,Automatic
39382083,5998,12,90,1488,5299,2207,4,4,Petrol,Automatic
991000,1497,4,40,1495,4440,1695,4,17,Petrol,Manual
1065900,1497,4,40,1495,4440,1695,4,18,Petrol,Manual
1182000,1497,4,40,1495,4440,1695,4,17,Petrol,Manual
1312000,1497,4,40,1495,4440,1695,4,18,Petrol,Automatic
1111000,1498,4,40,1495,4440,1695,4,26,Diesel,Manual
1191000,1498,4,40,1495,4440,1695,4,26,Diesel,Manual
1302000,1498,4,40,1495,4440,1695,4,25,Diesel,Manual
1421000,1498,4,40,1495,4440,1695,4,25,Diesel,Manual
1431000,1497,4,40,1495,4440,1695,4,23,Petrol,Automatic
1201000,1497,4,40,1495,4440,1695,4,18,Petrol,Automatic
6862560,3200,4,88,1900,4900,1875,5,12,Diesel,Automatic
